<?xml version="1.0" encoding="utf-8"?>
<!DOCTYPE root [
<!ENTITY nbsp "&#160;">
]>
<calendars>
  <calendar id="Outdoor Images">
    <year ordinal="2017">
      <month ordinal="1" name="January">
        <week ordinal="1">
          <day ordinal="1" name="Sunday" date="1"/>
          <day ordinal="2" name="Monday" date="2"/>
          <day ordinal="3" name="Tuesday" date="3"/>
          <day ordinal="4" name="Wednesday" date="4"/>
          <day ordinal="5" name="Thursday" date="5"/>
          <day ordinal="6" name="Friday" date="6"/>
          <day ordinal="7" name="Saturday" date="7"/>
        </week>
        <week ordinal="2">
          <day ordinal="8" name="Sunday" date="8"/>
          <day ordinal="9" name="Monday" date="9"/>
          <day ordinal="10" name="Tuesday" date="10"/>
          <day ordinal="11" name="Wednesday" date="11"/>
          <day ordinal="12" name="Thursday" date="12"/>
          <day ordinal="13" name="Friday" date="13"/>
          <day ordinal="14" name="Saturday" date="14"/>
        </week>
        <week ordinal="3">
          <day ordinal="15" name="Sunday" date="15"/>
          <day ordinal="16" name="Monday" date="16"/>
          <day ordinal="17" name="Tuesday" date="17"/>
          <day ordinal="18" name="Wednesday" date="18"/>
          <day ordinal="19" name="Thursday" date="19"/>
          <day ordinal="20" name="Friday" date="20"/>
          <day ordinal="21" name="Saturday" date="21"/>
        </week>
        <week ordinal="4">
          <day ordinal="22" name="Sunday" date="22"/>
          <day ordinal="23" name="Monday" date="23"/>
          <day ordinal="24" name="Tuesday" date="24"/>
          <day ordinal="25" name="Wednesday" date="25"/>
          <day ordinal="26" name="Thursday" date="26"/>
          <day ordinal="27" name="Friday" date="27"/>
          <day ordinal="28" name="Saturday" date="28"/>
        </week>
        <week ordinal="5">
          <day ordinal="29" name="Sunday" date="29"/>
          <day ordinal="30" name="Monday" date="30"/>
          <day ordinal="31" name="Tuesday" date="31"/>
          <day ordinal="32" name="Wednesday" date=""/>
          <day ordinal="33" name="Thursday" date=""/>
          <day ordinal="34" name="Friday" date=""/>
          <day ordinal="0" name="Saturday" date=""/>
        </week>
      </month>
      <month ordinal="2" name="February">
        <week ordinal="1">
          <day ordinal="1" name="Sunday" date=""/>
          <day ordinal="2" name="Monday" date=""/>
          <day ordinal="3" name="Tuesday" date=""/>
          <day ordinal="4" name="Wednesday" date="1"/>
          <day ordinal="5" name="Thursday" date="2"/>
          <day ordinal="6" name="Friday" date="3"/>
          <day ordinal="7" name="Saturday" date="4"/>
        </week>
        <week ordinal="2">
          <day ordinal="8" name="Sunday" date="5"/>
          <day ordinal="9" name="Monday" date="6"/>
          <day ordinal="10" name="Tuesday" date="7"/>
          <day ordinal="11" name="Wednesday" date="8"/>
          <day ordinal="12" name="Thursday" date="9"/>
          <day ordinal="13" name="Friday" date="10"/>
          <day ordinal="14" name="Saturday" date="11"/>
        </week>
        <week ordinal="3"><day ordinal="15" name="Sunday" date="12"/><day ordinal="16" name="Monday" date="13"/><day ordinal="17" name="Tuesday" date="14"/><day ordinal="18" name="Wednesday" date="15"/><day ordinal="19" name="Thursday" date="16"/><day ordinal="20" name="Friday" date="17"/>"
				<day ordinal="21" name="Saturday" date="18"/></week>
        <week ordinal="4">
          <day ordinal="22" name="Sunday" date="19"/>
          <day ordinal="23" name="Monday" date="20"/>
          <day ordinal="24" name="Tuesday" date="21"/>
          <day ordinal="25" name="Wednesday" date="22"/>
          <day ordinal="26" name="Thursday" date="23"/>
          <day ordinal="27" name="Friday" date="24"/>
          <day ordinal="28" name="Saturday" date="25"/>
        </week>
        <week ordinal="5">
          <day ordinal="29" name="Sunday" date="26"/>
          <day ordinal="30" name="Monday" date="27"/>
          <day ordinal="31" name="Tuesday" date="28"/>
          <day ordinal="32" name="Wednesday" date=""/>
          <day ordinal="33" name="Thursday" date=""/>
          <day ordinal="34" name="Friday" date=""/>
          <day ordinal="35" name="Saturday" date=""/>
        </week>
      </month>
      <month ordinal="3" name="March">
        <week ordinal="1">
          <day ordinal="1" name="Sunday" date=""/>
          <day ordinal="2" name="Monday" date=""/>
          <day ordinal="3" name="Tuesday" date=""/>
          <day ordinal="4" name="Wednesday" date="1"/>
          <day ordinal="5" name="Thursday" date="2"/>
          <day ordinal="6" name="Friday" date="3"/>
          <day ordinal="7" name="Saturday" date="4"/>
        </week>
        <week ordinal="2">
          <day ordinal="8" name="Sunday" date="5"/>
          <day ordinal="9" name="Monday" date="6"/>
          <day ordinal="10" name="Tuesday" date="7"/>
          <day ordinal="11" name="Wednesday" date="8"/>
          <day ordinal="12" name="Thursday" date="9"/>
          <day ordinal="13" name="Friday" date="10"/>
          <day ordinal="14" name="Saturday" date="11"/>
        </week>
        <week ordinal="3"><day ordinal="15" name="Sunday" date="12"/><day ordinal="16" name="Monday" date="13"/><day ordinal="17" name="Tuesday" date="14"/><day ordinal="18" name="Wednesday" date="15"/><day ordinal="19" name="Thursday" date="16"/><day ordinal="20" name="Friday" date="17"/>"
				<day ordinal="21" name="Saturday" date="18"/></week>
        <week ordinal="4">
          <day ordinal="22" name="Sunday" date="19"/>
          <day ordinal="23" name="Monday" date="20"/>
          <day ordinal="24" name="Tuesday" date="21"/>
          <day ordinal="25" name="Wednesday" date="22"/>
          <day ordinal="26" name="Thursday" date="23"/>
          <day ordinal="27" name="Friday" date="24"/>
          <day ordinal="28" name="Saturday" date="25"/>
        </week>
        <week ordinal="5">
          <day ordinal="29" name="Sunday" date="26"/>
          <day ordinal="30" name="Monday" date="27"/>
          <day ordinal="31" name="Tuesday" date="28"/>
          <day ordinal="32" name="Wednesday" date="29"/>
          <day ordinal="33" name="Thursday" date="30"/>
          <day ordinal="34" name="Friday" date="31"/>
          <day ordinal="35" name="Saturday" date=""/>
        </week>
      </month>
      <month ordinal="4" name="April">
        <week ordinal="1">
          <day ordinal="1" name="Sunday" date=""/>
          <day ordinal="2" name="Monday" date=""/>
          <day ordinal="3" name="Tuesday" date=""/>
          <day ordinal="4" name="Wednesday" date=""/>
          <day ordinal="5" name="Thursday" date=""/>
          <day ordinal="6" name="Friday" date=""/>
          <day ordinal="7" name="Saturday" date="1"/>
        </week>
        <week ordinal="2">
          <day ordinal="8" name="Sunday" date="2"/>
          <day ordinal="9" name="Monday" date="3"/>
          <day ordinal="10" name="Tuesday" date="4"/>
          <day ordinal="11" name="Wednesday" date="5"/>
          <day ordinal="12" name="Thursday" date="6"/>
          <day ordinal="13" name="Friday" date="7"/>
          <day ordinal="14" name="Saturday" date="8"/>
        </week>
        <week ordinal="3"><day ordinal="15" name="Sunday" date="9"/><day ordinal="16" name="Monday" date="10"/><day ordinal="17" name="Tuesday" date="11"/><day ordinal="18" name="Wednesday" date="12"/><day ordinal="19" name="Thursday" date="13"/><day ordinal="20" name="Friday" date="14"/>"
				<day ordinal="21" name="Saturday" date="15"/></week>
        <week ordinal="4">
          <day ordinal="22" name="Sunday" date="16"/>
          <day ordinal="23" name="Monday" date="17"/>
          <day ordinal="24" name="Tuesday" date="18"/>
          <day ordinal="25" name="Wednesday" date="19"/>
          <day ordinal="26" name="Thursday" date="20"/>
          <day ordinal="27" name="Friday" date="21"/>
          <day ordinal="28" name="Saturday" date="22"/>
        </week>
        <week ordinal="5">
          <day ordinal="29" name="Sunday" date="23"/>
          <day ordinal="30" name="Monday" date="24"/>
          <day ordinal="31" name="Tuesday" date="25"/>
          <day ordinal="32" name="Wednesday" date="26"/>
          <day ordinal="33" name="Thursday" date="27"/>
          <day ordinal="34" name="Friday" date="28"/>
          <day ordinal="35" name="Saturday" date="29"/>
        </week>
        <week ordinal="6">
          <day ordinal="36" name="Sunday" date="30"/>
          <day ordinal="37" name="Monday" date=""/>
          <day ordinal="38" name="Tuesday" date=""/>
          <day ordinal="39" name="Wednesday" date=""/>
          <day ordinal="40" name="Thursday" date=""/>
          <day ordinal="41" name="Friday" date=""/>
          <day ordinal="42" name="Saturday" date=""/>
        </week>
      </month>
      <month ordinal="5" name="May">
        <week ordinal="1">
          <day ordinal="1" name="Sunday" date=""/>
          <day ordinal="2" name="Monday" date="1"/>
          <day ordinal="3" name="Tuesday" date="2"/>
          <day ordinal="4" name="Wednesday" date="3"/>
          <day ordinal="5" name="Thursday" date="4"/>
          <day ordinal="6" name="Friday" date="5"/>
          <day ordinal="7" name="Saturday" date="6"/>
        </week>
        <week ordinal="2">
          <day ordinal="8" name="Sunday" date="7"/>
          <day ordinal="9" name="Monday" date="8"/>
          <day ordinal="10" name="Tuesday" date="9"/>
          <day ordinal="11" name="Wednesday" date="10"/>
          <day ordinal="12" name="Thursday" date="11"/>
          <day ordinal="13" name="Friday" date="12"/>
          <day ordinal="14" name="Saturday" date="13"/>
        </week>
        <week ordinal="3">
          <day ordinal="15" name="Sunday" date="14"/>
          <day ordinal="16" name="Monday" date="15"/>
          <day ordinal="17" name="Tuesday" date="16"/>
          <day ordinal="18" name="Wednesday" date="17"/>
          <day ordinal="19" name="Thursday" date="18"/>
          <day ordinal="20" name="Friday" date="19"/>
          <day ordinal="21" name="Saturday" date="20"/>
        </week>
        <week ordinal="4">
          <day ordinal="22" name="Sunday" date="21"/>
          <day ordinal="23" name="Monday" date="22"/>
          <day ordinal="24" name="Tuesday" date="23"/>
          <day ordinal="25" name="Wednesday" date="24"/>
          <day ordinal="26" name="Thursday" date="25"/>
          <day ordinal="27" name="Friday" date="26"/>
          <day ordinal="28" name="Saturday" date="27"/>
        </week>
        <week ordinal="5">
          <day ordinal="29" name="Sunday" date="28"/>
          <day ordinal="30" name="Monday" date="29"/>
          <day ordinal="31" name="Tuesday" date="30"/>
          <day ordinal="32" name="Wednesday" date="31"/>
          <day ordinal="33" name="Thursday" date=""/>
          <day ordinal="34" name="Friday" date=""/>
          <day ordinal="35" name="Saturday" date=""/>
        </week>
      </month>
      <month ordinal="6" name="June">
        <week ordinal="1">
          <day ordinal="1" name="Sunday" date=""/>
          <day ordinal="2" name="Monday" date=""/>
          <day ordinal="3" name="Tuesday" date=""/>
          <day ordinal="4" name="Wednesday" date=""/>
          <day ordinal="5" name="Thursday" date="1"/>
          <day ordinal="6" name="Friday" date="2"/>
          <day ordinal="7" name="Saturday" date="3"/>
        </week>
        <week ordinal="2">
          <day ordinal="8" name="Sunday" date="4"/>
          <day ordinal="9" name="Monday" date="5"/>
          <day ordinal="10" name="Tuesday" date="6"/>
          <day ordinal="11" name="Wednesday" date="7"/>
          <day ordinal="12" name="Thursday" date="8"/>
          <day ordinal="13" name="Friday" date="9"/>
          <day ordinal="14" name="Saturday" date="10"/>
        </week>
        <week ordinal="3">
          <day ordinal="15" name="Sunday" date="11"/>
          <day ordinal="16" name="Monday" date="12">
            <job number="1075">~~li class="lineEntry unassigned" title="Right-Click for Options" contenteditable="false"#$#
~~span id="job_1075"#$#1075*^*span#$# Ruggles Sign - Victoria's Secret #1302*^*li#$#</job>
            <job number="1083">~~li class="lineEntry unassigned" title="Right-Click for Options" contenteditable="false"#$#
~~span id="job_1083"#$#1083*^*span#$# Cummings Resources, LLC / 7-11 #29938*^*li#$#</job>
            <job number="1087">~~li class="lineEntry unassigned" title="Right-Click for Options" contenteditable="false"#$#
~~span id="job_1087"#$#1087*^*span#$# Fast Signs (Orlando) - AkzoNobel*^*li#$#</job>
          </day>
          <day ordinal="17" name="Tuesday" date="13"/>
          <day ordinal="18" name="Wednesday" date="14">
            <job number="1079">~~li class="lineEntry unassigned" title="Right-Click for Options" contenteditable="false"#$#
~~span id="job_1079"#$#1079*^*span#$# Custom Sign Center, Inc. / Simply Self Storage*^*li#$#</job>
          </day>
          <day ordinal="19" name="Thursday" date="15">
            <job number="1061">~~li class="lineEntry unassigned" title="Right-Click for Options" contenteditable="false"#$#
~~span id="job_1061"#$#1061*^*span#$# Vixxo/Sally's #3121 Winter Park*^*li#$#</job>
          </day>
          <day ordinal="20" name="Friday" date="16"/>
          <day ordinal="21" name="Saturday" date="17"/>
        </week>
        <week ordinal="4">
          <day ordinal="22" name="Sunday" date="18"/>
          <day ordinal="23" name="Monday" date="19"/>
          <day ordinal="24" name="Tuesday" date="20"/>
          <day ordinal="25" name="Wednesday" date="21">
            <job number="934-3">~~li class="lineEntry unassigned" title="Right-Click for Options" contenteditable="false"#$#
~~span id="job_934-3"#$#934-3*^*span#$# Custom Sign Center, Inc*^*li#$#</job>
          </day>
          <day ordinal="26" name="Thursday" date="22"/>
          <day ordinal="27" name="Friday" date="23">
            <job number="1070-1">~~li class="lineEntry unassigned" title="Right-Click for Options" contenteditable="false"#$#
~~span id="job_1070-1"#$#1070-1*^*span#$# MC/T-Mobile*^*li#$#</job>
          </day>
          <day ordinal="28" name="Saturday" date="24">
            <job number="1021-1">~~li class="lineEntry unassigned" title="Right-Click for Options" contenteditable="false"#$#
~~span id="job_1021-1"#$#1021-1*^*span#$# MC/*^*li#$#</job>
          </day>
        </week>
        <week ordinal="5">
          <day ordinal="29" name="Sunday" date="25"/>
          <day ordinal="30" name="Monday" date="26"/>
          <day ordinal="31" name="Tuesday" date="27"/>
          <day ordinal="32" name="Wednesday" date="28">
            <job number="1051">~~li class="lineEntry unassigned" title="Right-Click for Options" contenteditable="false"#$#
~~span id="job_1051"#$#1051*^*span#$# Bill Moore &amp;amp; Associates / ROSS #1961*^*li#$#</job>
          </day>
          <day ordinal="33" name="Thursday" date="29"/>
          <day ordinal="34" name="Friday" date="30">
            <job number="1077-1">~~li class="lineEntry unassigned" title="Right-Click for Options" contenteditable="false"#$#
~~span id="job_1077-1"#$#1077-1*^*span#$# Principle / Cricket / Elite Wirleless Group, Inc*^*li#$#</job>
            <job number="1002-2">~~li class="lineEntry unassigned" title="Right-Click for Options" contenteditable="false"#$#
~~span id="job_1002-2"#$#1002-2*^*span#$# Principle Global / Cricket*^*li#$#</job>
            <job number="1029">~~li class="lineEntry unassigned" title="Right-Click for Options" contenteditable="false"#$#
~~span id="job_1029"#$#1029*^*span#$# Blue Jacket Bar and Grille #1029 Orlando*^*li#$#</job>
          </day>
          <day ordinal="35" name="Saturday" date=""/>
        </week>
      </month>
      <month ordinal="7" name="July">
        <week ordinal="1">
          <day ordinal="1" name="Sunday" date=""/>
          <day ordinal="2" name="Monday" date=""/>
          <day ordinal="3" name="Tuesday" date=""/>
          <day ordinal="4" name="Wednesday" date=""/>
          <day ordinal="5" name="Thursday" date=""/>
          <day ordinal="6" name="Friday" date=""/>
          <day ordinal="7" name="Saturday" date="1"/>
        </week>
        <week ordinal="2">
          <day ordinal="8" name="Sunday" date="2"/>
          <day ordinal="9" name="Monday" date="3"/>
          <day ordinal="10" name="Tuesday" date="4"/>
          <day ordinal="11" name="Wednesday" date="5"/>
          <day ordinal="12" name="Thursday" date="6"/>
          <day ordinal="13" name="Friday" date="7"/>
          <day ordinal="14" name="Saturday" date="8"/>
        </week>
        <week ordinal="3"><day ordinal="15" name="Sunday" date="9"/><day ordinal="16" name="Monday" date="10"/><day ordinal="17" name="Tuesday" date="11"/><day ordinal="18" name="Wednesday" date="12"/><day ordinal="19" name="Thursday" date="13"/><day ordinal="20" name="Friday" date="14"/>"
				<day ordinal="21" name="Saturday" date="15"/></week>
        <week ordinal="4">
          <day ordinal="22" name="Sunday" date="16"/>
          <day ordinal="23" name="Monday" date="17"/>
          <day ordinal="24" name="Tuesday" date="18"/>
          <day ordinal="25" name="Wednesday" date="19"/>
          <day ordinal="26" name="Thursday" date="20"/>
          <day ordinal="27" name="Friday" date="21">
            <job number="1091">~~li class="lineEntry unassigned" title="Right-Click for Options" contenteditable="false"#$#
~~span id="job_1091"#$#~~i class="ic-flag"#$#*^*i#$#1091*^*span#$# Ruggles Sign / Brookstone #459*^*li#$#</job>
            <job number="1119">~~li class="lineEntry unassigned" title="Right-Click for Options" contenteditable="false"#$#  ~~i class="ic-flag"#$# *^*i#$#	 ~~span id="job_1119"#$#1119*^*span#$# Vixxo/ESS #1336*^*li#$#</job>
          </day>
          <day ordinal="28" name="Saturday" date="22"/>
        </week>
        <week ordinal="5">
          <day ordinal="29" name="Sunday" date="23">
            <job number="1045-1">~~li class="lineEntry unassigned" title="Right-Click for Options" contenteditable="false"#$#
~~span id="job_1045-1"#$#~~i class="ic-flag"#$#*^*i#$#1045-1*^*span#$# Image National Inc / Caliber Collision #2047*^*li#$#</job>
          </day>
          <day ordinal="30" name="Monday" date="24">
            <job number="1099">~~li class="lineEntry unassigned" title="Right-Click for Options" contenteditable="false"#$#  ~~i class="ic-flag"#$# *^*i#$#	 ~~span id="job_1099"#$#1099*^*span#$# Vacation Villas at Fantasy World*^*li#$#</job>
          </day>
          <day ordinal="31" name="Tuesday" date="25"/>
          <day ordinal="32" name="Wednesday" date="26"/>
          <day ordinal="33" name="Thursday" date="27">
            <job number="990">~~li class="lineEntry unassigned" title="Right-Click for Options" contenteditable="false"#$#
~~span id="job_990"#$#~~i class="ic-flag"#$#*^*i#$#990*^*span#$# Walton Signage / Dignity Memorial (Baldwin Fairchild)*^*li#$#</job>
          </day>
          <day ordinal="34" name="Friday" date="28">
            <job number="1020-1">~~li class="lineEntry unassigned" title="Right-Click for Options" contenteditable="false"#$#  ~~i class="ic-flag"#$# *^*i#$#	 ~~span id="job_1020-1"#$#1020-1*^*span#$# Cummings Resources, LLC / 7-11 #7112141*^*li#$#</job>
          </day>
          <day ordinal="35" name="Saturday" date="29"/>
        </week>
        <week ordinal="6">
          <day ordinal="36" name="Sunday" date="30"/>
          <day ordinal="37" name="Monday" date="31">
            <job number="990-1">~~li class="lineEntry unassigned" title="Right-Click for Options" contenteditable="false"#$#
~~span id="job_990-1"#$#~~i class="ic-flag"#$#*^*i#$#990-1*^*span#$# Walton Signage/Dignity Memorial*^*li#$#</job>
            <job number="1098">~~li class="lineEntry unassigned" title="Right-Click for Options" contenteditable="false"#$#  ~~i class="ic-flag"#$# *^*i#$#	 ~~span id="job_1098"#$#1098*^*span#$# Coastal Construction*^*li#$#</job>
          </day>
          <day ordinal="38" name="Tuesday" date=""/>
          <day ordinal="39" name="Wednesday" date=""/>
          <day ordinal="40" name="Thursday" date=""/>
          <day ordinal="41" name="Friday" date=""/>
          <day ordinal="42" name="Saturday" date=""/>
        </week>
      </month>
      <month ordinal="8" name="August">
        <week ordinal="1">
          <day ordinal="1" name="Sunday" date=""/>
          <day ordinal="2" name="Monday" date=""/>
          <day ordinal="3" name="Tuesday" date="1">
            <job number="1023-2">~~li class="lineEntry unassigned" title="Right-Click for Options" contenteditable="false"#$#
~~span id="job_1023-2"#$#~~i class="ic-flag"#$#*^*i#$#1023-2*^*span#$# Cummings Resources, LLC / 7-11 #26801*^*li#$#</job>
          </day>
          <day ordinal="4" name="Wednesday" date="2">
            <job number="1124">~~li class="lineEntry unassigned" title="Right-Click for Options" contenteditable="false" #$#  ~~i class="ic-flag"*#$# *^*i#$#	 ~~span id="job_1124" #$#1124*^*span#$# Custom Sign Center, Inc. / Simply Self Storage*^*li#$# </job>
            <job number="1128">~~li class="lineEntry unassigned" title="Right-Click for Options" contenteditable="false" #$#  ~~i class="ic-flag"*#$# *^*i#$#	 ~~span id="job_1128" #$#1128*^*span#$# Custom Sign Center, Inc. / Wendy's #11850*^*li#$# </job>
          </day>
          <day ordinal="5" name="Thursday" date="3">
            <job number="1094">~~li class="lineEntry unassigned" title="Right-Click for Options" contenteditable="false"#$#
~~span id="job_1094"#$#~~i class="ic-flag"#$#*^*i#$#1094*^*span#$# Walton Signage / Toys R Us*^*li#$#</job>
            <job number="1049-3">~~li class="lineEntry unassigned" title="Right-Click for Options" contenteditable="false" #$#  ~~i class="ic-flag"*#$# *^*i#$#	 ~~span id="job_1049-3" #$#1049-3*^*span#$# Custom Sign Center / Wendy's #11857*^*li#$# </job>
          </day>
          <day ordinal="6" name="Friday" date="4">
            <job number="1030-2">~~li class="lineEntry unassigned" title="Right-Click for Options" contenteditable="false"#$#
~~span id="job_1030-2"#$#~~i class="ic-flag"#$#*^*i#$#1030-2*^*span#$# Cummings Resources, LLC / 7/11 #35766*^*li#$#</job>
            <job number="1095">~~li class="lineEntry unassigned" title="Right-Click for Options" contenteditable="false"#$#
~~span id="job_1095"#$#~~i class="ic-flag"#$#*^*i#$#1095*^*span#$# Walton Signage / Daltile*^*li#$#</job>
            <job number="952">~~li class="lineEntry unassigned" title="Right-Click for Options" contenteditable="false" #$#  ~~i class="ic-flag"*#$# *^*i#$#	 ~~span id="job_952" #$#952*^*span#$# Bill Moore &amp;amp;amp; Associates*^*li#$# </job>
            <job number="1088-1">~~li class="lineEntry unassigned" title="Right-Click for Options" contenteditable="false" #$#  ~~i class="ic-flag"*#$# *^*i#$#	 ~~span id="job_1088-1" #$#1088-1*^*span#$# Southwest Signs / Famous Footwear #3596*^*li#$# </job>
            <job number="1095-1">~~li class="lineEntry unassigned" title="Right-Click for Options" contenteditable="false" #$#  ~~i class="ic-flag"*#$# *^*i#$#	 ~~span id="job_1095-1" #$#1095-1*^*span#$# Walton Signage / Daltile*^*li#$# </job>
            <job number="1133">~~li class="lineEntry unassigned" title="Right-Click for Options" contenteditable="false" #$#  ~~i class="ic-flag"*#$# *^*i#$#	 ~~span id="job_1133" #$#1133*^*span#$# Principle Global / Cricket Wireless*^*li#$# </job>
            <job number="1134">~~li class="lineEntry unassigned" title="Right-Click for Options" contenteditable="false" #$#  ~~i class="ic-flag"*#$# *^*i#$#	 ~~span id="job_1134" #$#1134*^*span#$# Vixxo/Rent A Center*^*li#$# </job>
          </day>
          <day ordinal="7" name="Saturday" date="5"/>
        </week>
        <week ordinal="2">
          <day ordinal="8" name="Sunday" date="6"/>
          <day ordinal="9" name="Monday" date="7"/>
          <day ordinal="10" name="Tuesday" date="8"/>
          <day ordinal="11" name="Wednesday" date="9">
            <job number="1039">~~li class="lineEntry unassigned" title="Right-Click for Options" contenteditable="false"#$#  ~~i class="ic-flag"#$# *^*i#$#	 ~~span id="job_1039"#$#1039*^*span#$# Chandler Signs / Habit Burger*^*li#$#</job>
            <job number="1039-2">~~li class="lineEntry unassigned" title="Right-Click for Options" contenteditable="false" #$#  ~~i class="ic-flag"*#$# *^*i#$#	 ~~span id="job_1039-2" #$#1039-2*^*span#$# Chandler Signs / Habit Burger*^*li#$# </job>
          </day>
          <day ordinal="12" name="Thursday" date="10">
            <job number="1076-1">~~li class="lineEntry unassigned" title="Right-Click for Options" contenteditable="false"#$#  ~~i class="ic-flag"#$# *^*i#$#	 ~~span id="job_1076-1"#$#1076-1*^*span#$# First Communities/The Adelaide*^*li#$#</job>
            <job number="1137">~~li class="lineEntry unassigned" title="Right-Click for Options" contenteditable="false" #$#  ~~i class="ic-flag"*#$# *^*i#$#	 ~~span id="job_1137" #$#1137*^*span#$# First Communities/The Lory of Braden Springs*^*li#$# </job>
          </day>
          <day ordinal="13" name="Friday" date="11">
            <job number="1088">~~li class="lineEntry unassigned" title="Right-Click for Options" contenteditable="false"#$#
~~span id="job_1088"#$#~~i class="ic-flag"#$#*^*i#$#1088*^*span#$# Southwest Signs / Famous Footwear #3596*^*li#$#</job>
            <job number="1023-3">~~li class="lineEntry unassigned" title="Right-Click for Options" contenteditable="false" #$#  ~~i class="ic-flag"*#$# *^*i#$#	 ~~span id="job_1023-3" #$#1023-3*^*span#$# Cummings Resources, LLC / 7/11 #35766*^*li#$# </job>
            <job number="1030-1">~~li class="lineEntry unassigned" title="Right-Click for Options" contenteditable="false" #$#  ~~i class="ic-flag"*#$# *^*i#$#	 ~~span id="job_1030-1" #$#1030-1*^*span#$# Cummings Resources, LLC / 7-11 #26801*^*li#$# </job>
            <job number="1121">~~li class="lineEntry unassigned" title="Right-Click for Options" contenteditable="false" #$#  ~~i class="ic-flag"*#$# *^*i#$#	 ~~span id="job_1121" #$#1121*^*span#$# Custom Sign Center / Kiddie Academy*^*li#$# </job>
          </day>
          <day ordinal="14" name="Saturday" date="12"/>
        </week>
        <week ordinal="3">
          <day ordinal="15" name="Sunday" date="13"/>
          <day ordinal="16" name="Monday" date="14">
            <job number="1021-2">~~li class="lineEntry unassigned" title="Right-Click for Options" contenteditable="false" #$#  ~~i class="ic-flag"*#$# *^*i#$#	 ~~span id="job_1021-2" #$#1021-2*^*span#$# MC Sign Company*^*li#$# </job>
          </day>
          <day ordinal="17" name="Tuesday" date="15">
            <job number="1038">~~li class="lineEntry unassigned" title="Right-Click for Options" contenteditable="false" #$#  ~~i class="ic-flag"*#$# *^*i#$#	 ~~span id="job_1038" #$#1038*^*span#$# Chandler Signs / Habit Burger*^*li#$# </job>
          </day>
          <day ordinal="18" name="Wednesday" date="16">
            <job number="1092">~~li class="lineEntry unassigned" title="Right-Click for Options" contenteditable="false"#$#  ~~i class="ic-flag"#$# *^*i#$#	 ~~span id="job_1092"#$#1092*^*span#$# Umansky Law Firm*^*li#$#</job>
            <job number="1045-2">~~li class="lineEntry unassigned" title="Right-Click for Options" contenteditable="false" #$#  ~~i class="ic-flag"*#$# *^*i#$#	 ~~span id="job_1045-2" #$#1045-2*^*span#$# Image National Inc / Caliber Collision #2047*^*li#$# </job>
            <job number="1049-2">~~li class="lineEntry unassigned" title="Right-Click for Options" contenteditable="false" #$#  ~~i class="ic-flag"*#$# *^*i#$#	 ~~span id="job_1049-2" #$#1049-2*^*span#$# Custom Sign Center / Wendy's #11857*^*li#$# </job>
          </day>
          <day ordinal="19" name="Thursday" date="17">
            <job number="1020-2">~~li class="lineEntry unassigned" title="Right-Click for Options" contenteditable="false" #$#  ~~i class="ic-flag"*#$# *^*i#$#	 ~~span id="job_1020-2" #$#1020-2*^*span#$# Cummings Resources, LLC / 7-11 #7112141*^*li#$# </job>
          </day>
          <day ordinal="20" name="Friday" date="18">
            <job number="1123-1">~~li class="lineEntry unassigned" title="Right-Click for Options" contenteditable="false"#$#  ~~i class="ic-flag"#$# *^*i#$#	 ~~span id="job_1123-1"#$#1123-1*^*span#$# BMA/DD's Discounts #5335*^*li#$#</job>
            <job number="914">~~li class="lineEntry unassigned" title="Right-Click for Options" contenteditable="false"#$#  ~~i class="ic-flag"#$# *^*i#$#	 ~~span id="job_914"#$#914*^*span#$# Capital Sign / AT&amp;amp;T (Poinciana)*^*li#$#</job>
            <job number="1036">~~li class="lineEntry unassigned" title="Right-Click for Options" contenteditable="false" #$#  ~~i class="ic-flag"*#$# *^*i#$#	 ~~span id="job_1036" #$#1036*^*span#$# Pattison Sign Group (Toronto) / Auto Nation Toyota*^*li#$# </job>
            <job number="1067">~~li class="lineEntry unassigned" title="Right-Click for Options" contenteditable="false" #$#  ~~i class="ic-flag"*#$# *^*i#$#	 ~~span id="job_1067" #$#1067*^*span#$# Bendsen Signs &amp;amp;amp; Graphics, Inc. / Jimmy John's #3788*^*li#$# </job>
            <job number="1085-1">~~li class="lineEntry unassigned" title="Right-Click for Options" contenteditable="false" #$#  ~~i class="ic-flag"*#$# *^*i#$#	 ~~span id="job_1085-1" #$#1085-1*^*span#$# Custom Sign Center, Inc. / Wendy's #01778*^*li#$# </job>
            <job number="1121-1">~~li class="lineEntry unassigned" title="Right-Click for Options" contenteditable="false" #$#  ~~i class="ic-flag"*#$# *^*i#$#	 ~~span id="job_1121-1" #$#1121-1*^*span#$# Custom Sign Center / Kiddie Academy*^*li#$# </job>
            <job number="1035-1">~~li class="lineEntry unassigned" title="Right-Click for Options" contenteditable="false" #$#  ~~i class="ic-flag"*#$# *^*i#$#	 ~~span id="job_1035-1" #$#1035-1*^*span#$# Cummings Resources, LLC / 7-11 #32138*^*li#$# </job>
          </day>
          <day ordinal="21" name="Saturday" date="19"/>
        </week>
        <week ordinal="4">
          <day ordinal="22" name="Sunday" date="20">
            <job number="1126-1">~~li class="lineEntry unassigned" title="Right-Click for Options" contenteditable="false" #$#  ~~i class="ic-flag"*#$# *^*i#$#	 ~~span id="job_1126-1" #$#1126-1*^*span#$# Custom Sign Center / Red Roof Plus+*^*li#$# </job>
          </day>
          <day ordinal="23" name="Monday" date="21">
            <job number="1013-2">~~li class="lineEntry unassigned" title="Right-Click for Options" contenteditable="false" #$#  ~~i class="ic-flag"*#$# *^*i#$#	 ~~span id="job_1013-2" #$#1013-2*^*span#$# Jones Sign / Save A Lot #00316*^*li#$# </job>
            <job number="1118-3">~~li class="lineEntry unassigned" title="Right-Click for Options" contenteditable="false" #$#  ~~i class="ic-flag"*#$# *^*i#$#	 ~~span id="job_1118-3" #$#1118-3*^*span#$# BHSSA Capital Campaing*^*li#$# </job>
            <job number="1135">~~li class="lineEntry unassigned" title="Right-Click for Options" contenteditable="false" #$#  ~~i class="ic-flag"*#$# *^*i#$#	 ~~span id="job_1135" #$#1135*^*span#$# MC/T-Mobile*^*li#$# </job>
          </day>
          <day ordinal="24" name="Tuesday" date="22"/>
          <day ordinal="25" name="Wednesday" date="23">
            <job number="1118-1">~~li class="lineEntry unassigned" title="Right-Click for Options" contenteditable="false" #$#  ~~i class="ic-flag"*#$# *^*i#$#	 ~~span id="job_1118-1" #$#1118-1*^*span#$# BHSSA Capital Campaign*^*li#$# </job>
          </day>
          <day ordinal="26" name="Thursday" date="24">
            <job number="1118">~~li class="lineEntry unassigned" title="Right-Click for Options" contenteditable="false"#$#  ~~i class="ic-flag"#$# *^*i#$#	 ~~span id="job_1118"#$#1118*^*span#$# BHSSA Capital Campaign*^*li#$#</job>
          </day>
          <day ordinal="27" name="Friday" date="25">
            <job number="1118-2">~~li class="lineEntry unassigned" title="Right-Click for Options" contenteditable="false" #$#  ~~i class="ic-flag"*#$# *^*i#$#	 ~~span id="job_1118-2" #$#1118-2*^*span#$# BHSSA Capital Campaign*^*li#$# </job>
          </day>
          <day ordinal="28" name="Saturday" date="26">
            <job number="1129">~~li class="lineEntry unassigned" title="Right-Click for Options" contenteditable="false" #$#  ~~i class="ic-flag"*#$# *^*i#$#	 ~~span id="job_1129" #$#1129*^*span#$# BMA/DD's Discounts #5130*^*li#$# </job>
          </day>
        </week>
        <week ordinal="5">
          <day ordinal="29" name="Sunday" date="27"/>
          <day ordinal="30" name="Monday" date="28">
            <job number="1035-2">~~li class="lineEntry unassigned" title="Right-Click for Options" contenteditable="false" #$#  ~~i class="ic-flag"*#$# *^*i#$#	 ~~span id="job_1035-2" #$#1035-2*^*span#$# Cummings Resources, LLC / 7-11 #32138*^*li#$# </job>
            <job number="1086">~~li class="lineEntry unassigned" title="Right-Click for Options" contenteditable="false" #$#  ~~i class="ic-flag"*#$# *^*i#$#	 ~~span id="job_1086" #$#1086*^*span#$# City Of Edgewood*^*li#$# </job>
            <job number="1132-1">~~li class="lineEntry unassigned" title="Right-Click for Options" contenteditable="false" #$#  ~~i class="ic-flag"*#$# *^*i#$#	 ~~span id="job_1132-1" #$#1132-1*^*span#$# Pattison Sign Group - KFC  Y309216*^*li#$# </job>
            <job number="1094-1">~~li class="lineEntry unassigned" title="Right-Click for Options" contenteditable="false" #$#  ~~i class="ic-flag"*#$# *^*i#$#	 ~~span id="job_1094-1" #$#1094-1*^*span#$# Walton Signage / Toys R Us*^*li#$# </job>
          </day>
          <day ordinal="31" name="Tuesday" date="29"/>
          <day ordinal="32" name="Wednesday" date="30"/>
          <day ordinal="33" name="Thursday" date="31">
            <job number="1048">~~li class="lineEntry unassigned" title="Right-Click for Options" contenteditable="false" #$#  ~~i class="ic-flag"*#$# *^*i#$#	 ~~span id="job_1048" #$#1048*^*span#$# Custom Sign Center / Kiddie Academy*^*li#$# </job>
          </day>
          <day ordinal="34" name="Friday" date=""/>
          <day ordinal="35" name="Saturday" date=""/>
        </week>
      </month>
      <month ordinal="9" name="September">
        <week ordinal="1">
          <day ordinal="1" name="Sunday" date=""/>
          <day ordinal="2" name="Monday" date=""/>
          <day ordinal="3" name="Tuesday" date=""/>
          <day ordinal="4" name="Wednesday" date=""/>
          <day ordinal="5" name="Thursday" date=""/>
          <day ordinal="6" name="Friday" date="1">
            <job number="1132">~~li class="lineEntry unassigned" title="Right-Click for Options" contenteditable="false" #$#  ~~i class="ic-flag"*#$# *^*i#$#	 ~~span id="job_1132" #$#1132*^*span#$# Conway Cleaners*^*li#$# </job>
          </day>
          <day ordinal="7" name="Saturday" date="2"/>
        </week>
        <week ordinal="2">
          <day ordinal="8" name="Sunday" date="3"/>
          <day ordinal="9" name="Monday" date="4">
            <job number="1130">~~li class="lineEntry unassigned" title="Right-Click for Options" contenteditable="false" #$#  ~~i class="ic-flag"*#$# *^*i#$#	 ~~span id="job_1130" #$#1130*^*span#$# Custom Sign Center, Inc - Wendy's #01776*^*li#$# </job>
          </day>
          <day ordinal="10" name="Tuesday" date="5">
            <job number="1100">~~li class="lineEntry unassigned" title="Right-Click for Options" contenteditable="false" #$#  ~~i class="ic-flag"*#$# *^*i#$#	 ~~span id="job_1100" #$#1100*^*span#$# First Communities/The Adelaide*^*li#$# </job>
          </day>
          <day ordinal="11" name="Wednesday" date="6"/>
          <day ordinal="12" name="Thursday" date="7">
            <job number="1131">~~li class="lineEntry unassigned" title="Right-Click for Options" contenteditable="false" #$#  ~~i class="ic-flag"*#$# *^*i#$#	 ~~span id="job_1131" #$#1131*^*span#$# Custom Sign Center / Wendy's (Shan's / G'Ville)*^*li#$# </job>
          </day>
          <day ordinal="13" name="Friday" date="8">
            <job number="1085">~~li class="lineEntry unassigned" title="Right-Click for Options" contenteditable="false" #$#  ~~i class="ic-flag"*#$# *^*i#$#	 ~~span id="job_1085" #$#1085*^*span#$# Custom Sign Center, Inc. / Wendy's #01778*^*li#$# </job>
          </day>
          <day ordinal="14" name="Saturday" date="9"/>
        </week>
        <week ordinal="3">
          <day ordinal="15" name="Sunday" date="10"/>
          <day ordinal="16" name="Monday" date="11">
            <job number="1088-2">~~li class="lineEntry unassigned" title="Right-Click for Options" contenteditable="false"#$#
~~span id="job_1088-2"#$#~~i class="ic-flag"#$#*^*i#$#1088-2*^*span#$# Southwest Signs / Famous Footwear #3596*^*li#$#</job>
          </day>
          <day ordinal="17" name="Tuesday" date="12"/>
          <day ordinal="18" name="Wednesday" date="13"/>
          <day ordinal="19" name="Thursday" date="14"/>
          <day ordinal="20" name="Friday" date="15"/>
          <day ordinal="21" name="Saturday" date="16"/>
        </week>
        <week ordinal="4">
          <day ordinal="22" name="Sunday" date="17"/>
          <day ordinal="23" name="Monday" date="18"/>
          <day ordinal="24" name="Tuesday" date="19"/>
          <day ordinal="25" name="Wednesday" date="20"/>
          <day ordinal="26" name="Thursday" date="21"/>
          <day ordinal="27" name="Friday" date="22"/>
          <day ordinal="28" name="Saturday" date="23"/>
        </week>
        <week ordinal="5">
          <day ordinal="29" name="Sunday" date="24"/>
          <day ordinal="30" name="Monday" date="25"/>
          <day ordinal="31" name="Tuesday" date="26"/>
          <day ordinal="32" name="Wednesday" date="27"/>
          <day ordinal="33" name="Thursday" date="28"/>
          <day ordinal="34" name="Friday" date="29"/>
          <day ordinal="35" name="Saturday" date="30">
            <job number="1013-1">~~li class="lineEntry unassigned" title="Right-Click for Options" contenteditable="false" #$#  ~~i class="ic-flag"*#$# *^*i#$#	 ~~span id="job_1013-1" #$#1013-1*^*span#$# Jones Sign / Save A Lot #00316*^*li#$# </job>
          </day>
        </week>
        <week ordinal="6">
          <day ordinal="36" name="Sunday" date=""/>
          <day ordinal="37" name="Monday" date=""/>
          <day ordinal="38" name="Tuesday" date=""/>
          <day ordinal="39" name="Wednesday" date=""/>
          <day ordinal="40" name="Thursday" date=""/>
          <day ordinal="41" name="Friday" date=""/>
          <day ordinal="42" name="Saturday" date=""/>
        </week>
      </month>
      <month ordinal="10" name="October">
        <week ordinal="1">
          <day ordinal="1" name="Sunday" date="1"/>
          <day ordinal="2" name="Monday" date="2"/>
          <day ordinal="3" name="Tuesday" date="3"/>
          <day ordinal="4" name="Wednesday" date="4"/>
          <day ordinal="5" name="Thursday" date="5"/>
          <day ordinal="6" name="Friday" date="6"/>
          <day ordinal="7" name="Saturday" date="7"/>
        </week>
        <week ordinal="2">
          <day ordinal="8" name="Sunday" date="8"/>
          <day ordinal="9" name="Monday" date="9"/>
          <day ordinal="10" name="Tuesday" date="10"/>
          <day ordinal="11" name="Wednesday" date="11"/>
          <day ordinal="12" name="Thursday" date="12"/>
          <day ordinal="13" name="Friday" date="13"/>
          <day ordinal="14" name="Saturday" date="14"/>
        </week>
        <week ordinal="3">
          <day ordinal="15" name="Sunday" date="15"/>
          <day ordinal="16" name="Monday" date="16"/>
          <day ordinal="17" name="Tuesday" date="17"/>
          <day ordinal="18" name="Wednesday" date="18"/>
          <day ordinal="19" name="Thursday" date="19"/>
          <day ordinal="20" name="Friday" date="20"/>
          <day ordinal="21" name="Saturday" date="21"/>
        </week>
        <week ordinal="4">
          <day ordinal="22" name="Sunday" date="22"/>
          <day ordinal="23" name="Monday" date="23"/>
          <day ordinal="24" name="Tuesday" date="24"/>
          <day ordinal="25" name="Wednesday" date="25"/>
          <day ordinal="26" name="Thursday" date="26"/>
          <day ordinal="27" name="Friday" date="27"/>
          <day ordinal="28" name="Saturday" date="28"/>
        </week>
        <week ordinal="5">
          <day ordinal="29" name="Sunday" date="29"/>
          <day ordinal="30" name="Monday" date="30"/>
          <day ordinal="31" name="Tuesday" date="31"/>
          <day ordinal="32" name="Wednesday" date=""/>
          <day ordinal="33" name="Thursday" date=""/>
          <day ordinal="34" name="Friday" date=""/>
          <day ordinal="0" name="Saturday" date=""/>
        </week>
      </month>
      <month ordinal="11" name="November">
        <week ordinal="1">
          <day ordinal="1" name="Sunday" date=""/>
          <day ordinal="2" name="Monday" date=""/>
          <day ordinal="3" name="Tuesday" date=""/>
          <day ordinal="4" name="Wednesday" date="1"/>
          <day ordinal="5" name="Thursday" date="2"/>
          <day ordinal="6" name="Friday" date="3"/>
          <day ordinal="7" name="Saturday" date="4"/>
        </week>
        <week ordinal="2">
          <day ordinal="8" name="Sunday" date="5"/>
          <day ordinal="9" name="Monday" date="6"/>
          <day ordinal="10" name="Tuesday" date="7"/>
          <day ordinal="11" name="Wednesday" date="8"/>
          <day ordinal="12" name="Thursday" date="9"/>
          <day ordinal="13" name="Friday" date="10"/>
          <day ordinal="14" name="Saturday" date="11"/>
        </week>
        <week ordinal="3">
          <day ordinal="15" name="Sunday" date="12"/>
          <day ordinal="16" name="Monday" date="13"/>
          <day ordinal="17" name="Tuesday" date="14"/>
          <day ordinal="18" name="Wednesday" date="15"/>
          <day ordinal="19" name="Thursday" date="16"/>
          <day ordinal="20" name="Friday" date="17"/>
          <day ordinal="21" name="Saturday" date="18"/>
        </week>
        <week ordinal="4">
          <day ordinal="22" name="Sunday" date="19"/>
          <day ordinal="23" name="Monday" date="20"/>
          <day ordinal="24" name="Tuesday" date="21"/>
          <day ordinal="25" name="Wednesday" date="22"/>
          <day ordinal="26" name="Thursday" date="23"/>
          <day ordinal="27" name="Friday" date="24"/>
          <day ordinal="28" name="Saturday" date="25"/>
        </week>
        <week ordinal="5">
          <day ordinal="29" name="Sunday" date="26"/>
          <day ordinal="30" name="Monday" date="27"/>
          <day ordinal="31" name="Tuesday" date="28"/>
          <day ordinal="32" name="Wednesday" date="29"/>
          <day ordinal="33" name="Thursday" date="30"/>
          <day ordinal="34" name="Friday" date=""/>
          <day ordinal="35" name="Saturday" date=""/>
        </week>
      </month>
      <month ordinal="12" name="December">
        <week ordinal="1">
          <day ordinal="1" name="Sunday" date=""/>
          <day ordinal="2" name="Monday" date=""/>
          <day ordinal="3" name="Tuesday" date=""/>
          <day ordinal="4" name="Wednesday" date=""/>
          <day ordinal="5" name="Thursday" date=""/>
          <day ordinal="6" name="Friday" date=""/>
          <day ordinal="7" name="Saturday" date="1"/>
        </week>
        <week ordinal="2">
          <day ordinal="8" name="Sunday" date="2"/>
          <day ordinal="9" name="Monday" date="3"/>
          <day ordinal="10" name="Tuesday" date="4"/>
          <day ordinal="11" name="Wednesday" date="5"/>
          <day ordinal="12" name="Thursday" date="6"/>
          <day ordinal="13" name="Friday" date="7"/>
          <day ordinal="14" name="Saturday" date="8"/>
        </week>
        <week ordinal="3"><day ordinal="15" name="Sunday" date="9"/><day ordinal="16" name="Monday" date="10"/><day ordinal="17" name="Tuesday" date="11"/><day ordinal="18" name="Wednesday" date="12"/><day ordinal="19" name="Thursday" date="13"/><day ordinal="20" name="Friday" date="14"/>"
				<day ordinal="21" name="Saturday" date="15"/></week>
        <week ordinal="4">
          <day ordinal="22" name="Sunday" date="16"/>
          <day ordinal="23" name="Monday" date="17"/>
          <day ordinal="24" name="Tuesday" date="18"/>
          <day ordinal="25" name="Wednesday" date="19"/>
          <day ordinal="26" name="Thursday" date="20"/>
          <day ordinal="27" name="Friday" date="21"/>
          <day ordinal="28" name="Saturday" date="22"/>
        </week>
        <week ordinal="5">
          <day ordinal="29" name="Sunday" date="23"/>
          <day ordinal="30" name="Monday" date="24"/>
          <day ordinal="31" name="Tuesday" date="25"/>
          <day ordinal="32" name="Wednesday" date="26"/>
          <day ordinal="33" name="Thursday" date="27"/>
          <day ordinal="34" name="Friday" date="28"/>
          <day ordinal="35" name="Saturday" date="29"/>
        </week>
        <week ordinal="6">
          <day ordinal="36" name="Sunday" date="30"/>
          <day ordinal="37" name="Monday" date="31"/>
          <day ordinal="38" name="Tuesday" date=""/>
          <day ordinal="39" name="Wednesday" date=""/>
          <day ordinal="40" name="Thursday" date=""/>
          <day ordinal="41" name="Friday" date=""/>
          <day ordinal="42" name="Saturday" date=""/>
        </week>
      </month>
    </year>
  </calendar>
</calendars>
