<?xml version="1.0" encoding="utf-8"?>
<!DOCTYPE root [
<!ENTITY nbsp "&#160;">
]>
<calendars>
  <calendar id="Custom Sign Center">
    <year ordinal="2017">
      <month ordinal="1" name="January">
        <week ordinal="1">
          <day ordinal="1" name="Sunday" date="1"></day>
          <day ordinal="2" name="Monday" date="2"></day>
          <day ordinal="3" name="Tuesday" date="3"></day>
          <day ordinal="4" name="Wednesday" date="4"></day>
          <day ordinal="5" name="Thursday" date="5"></day>
          <day ordinal="6" name="Friday" date="6"></day>
          <day ordinal="7" name="Saturday" date="7"></day>
        </week>
        <week ordinal="2">
          <day ordinal="8" name="Sunday" date="8"></day>
          <day ordinal="9" name="Monday" date="9"></day>
          <day ordinal="10" name="Tuesday" date="10"></day>
          <day ordinal="11" name="Wednesday" date="11"></day>
          <day ordinal="12" name="Thursday" date="12"></day>
          <day ordinal="13" name="Friday" date="13"></day>
          <day ordinal="14" name="Saturday" date="14"></day>
        </week>
        <week ordinal="3">
          <day ordinal="15" name="Sunday" date="15"></day>
          <day ordinal="16" name="Monday" date="16"></day>
          <day ordinal="17" name="Tuesday" date="17"></day>
          <day ordinal="18" name="Wednesday" date="18"></day>
          <day ordinal="19" name="Thursday" date="19"></day>
          <day ordinal="20" name="Friday" date="20"></day>
          <day ordinal="21" name="Saturday" date="21"></day>
        </week>
        <week ordinal="4">
          <day ordinal="22" name="Sunday" date="22"></day>
          <day ordinal="23" name="Monday" date="23"></day>
          <day ordinal="24" name="Tuesday" date="24"></day>
          <day ordinal="25" name="Wednesday" date="25"></day>
          <day ordinal="26" name="Thursday" date="26"></day>
          <day ordinal="27" name="Friday" date="27"></day>
          <day ordinal="28" name="Saturday" date="28"></day>
        </week>
        <week ordinal="5">
          <day ordinal="29" name="Sunday" date="29"></day>
          <day ordinal="30" name="Monday" date="30"></day>
          <day ordinal="31" name="Tuesday" date="31"></day>
          <day ordinal="32" name="Wednesday" date=""></day>
          <day ordinal="33" name="Thursday" date=""></day>
          <day ordinal="34" name="Friday" date=""></day>
          <day ordinal="0" name="Saturday" date=""></day>
        </week>
      </month>
      <month ordinal="2" name="February">
        <week ordinal="1">
          <day ordinal="1" name="Sunday" date=""></day>
          <day ordinal="2" name="Monday" date=""></day>
          <day ordinal="3" name="Tuesday" date=""></day>
          <day ordinal="4" name="Wednesday" date="1"></day>
          <day ordinal="5" name="Thursday" date="2"></day>
          <day ordinal="6" name="Friday" date="3"></day>
          <day ordinal="7" name="Saturday" date="4"></day>
        </week>
        <week ordinal="2">
          <day ordinal="8" name="Sunday" date="5"></day>
          <day ordinal="9" name="Monday" date="6"></day>
          <day ordinal="10" name="Tuesday" date="7"></day>
          <day ordinal="11" name="Wednesday" date="8"></day>
          <day ordinal="12" name="Thursday" date="9"></day>
          <day ordinal="13" name="Friday" date="10"></day>
          <day ordinal="14" name="Saturday" date="11"></day>
        </week>
        <week ordinal="3"><day ordinal="15" name="Sunday" date="12"></day><day ordinal="16" name="Monday" date="13"></day><day ordinal="17" name="Tuesday" date="14"></day><day ordinal="18" name="Wednesday" date="15"></day><day ordinal="19" name="Thursday" date="16"></day><day ordinal="20" name="Friday" date="17"></day>"
				<day ordinal="21" name="Saturday" date="18"></day></week>
        <week ordinal="4">
          <day ordinal="22" name="Sunday" date="19"></day>
          <day ordinal="23" name="Monday" date="20"></day>
          <day ordinal="24" name="Tuesday" date="21"></day>
          <day ordinal="25" name="Wednesday" date="22"></day>
          <day ordinal="26" name="Thursday" date="23"></day>
          <day ordinal="27" name="Friday" date="24"></day>
          <day ordinal="28" name="Saturday" date="25"></day>
        </week>
        <week ordinal="5">
          <day ordinal="29" name="Sunday" date="26"></day>
          <day ordinal="30" name="Monday" date="27"></day>
          <day ordinal="31" name="Tuesday" date="28"></day>
          <day ordinal="32" name="Wednesday" date=""></day>
          <day ordinal="33" name="Thursday" date=""></day>
          <day ordinal="34" name="Friday" date=""></day>
          <day ordinal="35" name="Saturday" date=""></day>
        </week>
      </month>
      <month ordinal="3" name="March">
        <week ordinal="1">
          <day ordinal="1" name="Sunday" date=""></day>
          <day ordinal="2" name="Monday" date=""></day>
          <day ordinal="3" name="Tuesday" date=""></day>
          <day ordinal="4" name="Wednesday" date="1"></day>
          <day ordinal="5" name="Thursday" date="2"></day>
          <day ordinal="6" name="Friday" date="3"></day>
          <day ordinal="7" name="Saturday" date="4"></day>
        </week>
        <week ordinal="2">
          <day ordinal="8" name="Sunday" date="5"></day>
          <day ordinal="9" name="Monday" date="6"></day>
          <day ordinal="10" name="Tuesday" date="7"></day>
          <day ordinal="11" name="Wednesday" date="8"></day>
          <day ordinal="12" name="Thursday" date="9"></day>
          <day ordinal="13" name="Friday" date="10"></day>
          <day ordinal="14" name="Saturday" date="11"></day>
        </week>
        <week ordinal="3"><day ordinal="15" name="Sunday" date="12"></day><day ordinal="16" name="Monday" date="13"></day><day ordinal="17" name="Tuesday" date="14"></day><day ordinal="18" name="Wednesday" date="15"></day><day ordinal="19" name="Thursday" date="16"></day><day ordinal="20" name="Friday" date="17"></day>"
				<day ordinal="21" name="Saturday" date="18"></day></week>
        <week ordinal="4">
          <day ordinal="22" name="Sunday" date="19"></day>
          <day ordinal="23" name="Monday" date="20"></day>
          <day ordinal="24" name="Tuesday" date="21"></day>
          <day ordinal="25" name="Wednesday" date="22"></day>
          <day ordinal="26" name="Thursday" date="23"></day>
          <day ordinal="27" name="Friday" date="24"></day>
          <day ordinal="28" name="Saturday" date="25"></day>
        </week>
        <week ordinal="5">
          <day ordinal="29" name="Sunday" date="26"></day>
          <day ordinal="30" name="Monday" date="27"></day>
          <day ordinal="31" name="Tuesday" date="28"></day>
          <day ordinal="32" name="Wednesday" date="29"></day>
          <day ordinal="33" name="Thursday" date="30"></day>
          <day ordinal="34" name="Friday" date="31"></day>
          <day ordinal="35" name="Saturday" date=""></day>
        </week>
      </month>
      <month ordinal="4" name="April">
        <week ordinal="1">
          <day ordinal="1" name="Sunday" date=""></day>
          <day ordinal="2" name="Monday" date=""></day>
          <day ordinal="3" name="Tuesday" date=""></day>
          <day ordinal="4" name="Wednesday" date=""></day>
          <day ordinal="5" name="Thursday" date=""></day>
          <day ordinal="6" name="Friday" date=""></day>
          <day ordinal="7" name="Saturday" date="1"></day>
        </week>
        <week ordinal="2">
          <day ordinal="8" name="Sunday" date="2"></day>
          <day ordinal="9" name="Monday" date="3"></day>
          <day ordinal="10" name="Tuesday" date="4"></day>
          <day ordinal="11" name="Wednesday" date="5"></day>
          <day ordinal="12" name="Thursday" date="6"></day>
          <day ordinal="13" name="Friday" date="7"></day>
          <day ordinal="14" name="Saturday" date="8"></day>
        </week>
        <week ordinal="3"><day ordinal="15" name="Sunday" date="9"></day><day ordinal="16" name="Monday" date="10"></day><day ordinal="17" name="Tuesday" date="11"></day><day ordinal="18" name="Wednesday" date="12"></day><day ordinal="19" name="Thursday" date="13"></day><day ordinal="20" name="Friday" date="14"></day>"
				<day ordinal="21" name="Saturday" date="15"></day></week>
        <week ordinal="4">
          <day ordinal="22" name="Sunday" date="16"></day>
          <day ordinal="23" name="Monday" date="17"></day>
          <day ordinal="24" name="Tuesday" date="18"></day>
          <day ordinal="25" name="Wednesday" date="19"></day>
          <day ordinal="26" name="Thursday" date="20"></day>
          <day ordinal="27" name="Friday" date="21"></day>
          <day ordinal="28" name="Saturday" date="22"></day>
        </week>
        <week ordinal="5">
          <day ordinal="29" name="Sunday" date="23"></day>
          <day ordinal="30" name="Monday" date="24"></day>
          <day ordinal="31" name="Tuesday" date="25"></day>
          <day ordinal="32" name="Wednesday" date="26"></day>
          <day ordinal="33" name="Thursday" date="27"></day>
          <day ordinal="34" name="Friday" date="28"></day>
          <day ordinal="35" name="Saturday" date="29"></day>
        </week>
        <week ordinal="6">
          <day ordinal="36" name="Sunday" date="30"></day>
          <day ordinal="37" name="Monday" date=""></day>
          <day ordinal="38" name="Tuesday" date=""></day>
          <day ordinal="39" name="Wednesday" date=""></day>
          <day ordinal="40" name="Thursday" date=""></day>
          <day ordinal="41" name="Friday" date=""></day>
          <day ordinal="42" name="Saturday" date=""></day>
        </week>
      </month>
      <month ordinal="5" name="May">
        <week ordinal="1">
          <day ordinal="1" name="Sunday" date=""></day>
          <day ordinal="2" name="Monday" date="1"></day>
          <day ordinal="3" name="Tuesday" date="2"></day>
          <day ordinal="4" name="Wednesday" date="3"></day>
          <day ordinal="5" name="Thursday" date="4"></day>
          <day ordinal="6" name="Friday" date="5"></day>
          <day ordinal="7" name="Saturday" date="6"></day>
        </week>
        <week ordinal="2">
          <day ordinal="8" name="Sunday" date="7"></day>
          <day ordinal="9" name="Monday" date="8"></day>
          <day ordinal="10" name="Tuesday" date="9"></day>
          <day ordinal="11" name="Wednesday" date="10"></day>
          <day ordinal="12" name="Thursday" date="11"></day>
          <day ordinal="13" name="Friday" date="12"></day>
          <day ordinal="14" name="Saturday" date="13"></day>
        </week>
        <week ordinal="3">
          <day ordinal="15" name="Sunday" date="14"></day>
          <day ordinal="16" name="Monday" date="15"></day>
          <day ordinal="17" name="Tuesday" date="16"></day>
          <day ordinal="18" name="Wednesday" date="17"></day>
          <day ordinal="19" name="Thursday" date="18"></day>
          <day ordinal="20" name="Friday" date="19"></day>
          <day ordinal="21" name="Saturday" date="20"></day>
        </week>
        <week ordinal="4">
          <day ordinal="22" name="Sunday" date="21"></day>
          <day ordinal="23" name="Monday" date="22"></day>
          <day ordinal="24" name="Tuesday" date="23"></day>
          <day ordinal="25" name="Wednesday" date="24"></day>
          <day ordinal="26" name="Thursday" date="25"></day>
          <day ordinal="27" name="Friday" date="26"></day>
          <day ordinal="28" name="Saturday" date="27"></day>
        </week>
        <week ordinal="5">
          <day ordinal="29" name="Sunday" date="28"></day>
          <day ordinal="30" name="Monday" date="29"></day>
          <day ordinal="31" name="Tuesday" date="30"></day>
          <day ordinal="32" name="Wednesday" date="31"></day>
          <day ordinal="33" name="Thursday" date=""></day>
          <day ordinal="34" name="Friday" date=""></day>
          <day ordinal="35" name="Saturday" date=""></day>
        </week>
      </month>
      <month ordinal="6" name="June">
        <week ordinal="1">
          <day ordinal="1" name="Sunday" date=""></day>
          <day ordinal="2" name="Monday" date=""></day>
          <day ordinal="3" name="Tuesday" date=""></day>
          <day ordinal="4" name="Wednesday" date=""></day>
          <day ordinal="5" name="Thursday" date="1"></day>
          <day ordinal="6" name="Friday" date="2"></day>
          <day ordinal="7" name="Saturday" date="3"></day>
        </week>
        <week ordinal="2">
          <day ordinal="8" name="Sunday" date="4"></day>
          <day ordinal="9" name="Monday" date="5"></day>
          <day ordinal="10" name="Tuesday" date="6"></day>
          <day ordinal="11" name="Wednesday" date="7"></day>
          <day ordinal="12" name="Thursday" date="8"></day>
          <day ordinal="13" name="Friday" date="9"></day>
          <day ordinal="14" name="Saturday" date="10"></day>
        </week>
        <week ordinal="3">
          <day ordinal="15" name="Sunday" date="11"></day>
          <day ordinal="16" name="Monday" date="12"></day>
          <day ordinal="17" name="Tuesday" date="13"></day>
          <day ordinal="18" name="Wednesday" date="14"></day>
          <day ordinal="19" name="Thursday" date="15"></day>
          <day ordinal="20" name="Friday" date="16"></day>
          <day ordinal="21" name="Saturday" date="17"></day>
        </week>
        <week ordinal="4">
          <day ordinal="22" name="Sunday" date="18"></day>
          <day ordinal="23" name="Monday" date="19"></day>
          <day ordinal="24" name="Tuesday" date="20"></day>
          <day ordinal="25" name="Wednesday" date="21"></day>
          <day ordinal="26" name="Thursday" date="22"></day>
          <day ordinal="27" name="Friday" date="23"><job number="101814">~~li class="lineEntry t6" title="Right-Click for Options"#$#SHIP TO INDIGO SIGN CO FOR INSTALL #~~span id="job_101814" contenteditable="false"#$#101814*^*span#$# WEN #05190 Emporia, VA (full package) SHIP ALL BUT THE FACES &amp; PYLON CAMEOS HERE)*^*li#$#
</job><job number="101881-3">~~li class="lineEntry t6" title="Right-Click for Options"#$#
~~span id="job_101881-3" contenteditable="false"#$#101881-3*^*span#$# WEN #01778  Orange Park, FL (permits only)*^*li#$#
</job><job number="101602">~~li class="lineEntry t6" title="Right-Click for Options"#$#
~~span id="job_101602" contenteditable="false"#$#101602*^*span#$# Wendy's Site #05767 QUINCY, IL (SURVEY ONLY)*^*li#$#</job></day>
          <day ordinal="28" name="Saturday" date="24"></day>
        </week>
        <week ordinal="5">
          <day ordinal="29" name="Sunday" date="25"></day>
          <day ordinal="30" name="Monday" date="26"></day>
          <day ordinal="31" name="Tuesday" date="27"><job number="101338">~~li class="lineEntry t6" title="Right-Click for Options"#$#SHIPPED TO HIGGINS SIGNS--
~~span id="job_101338" contenteditable="false"#$#101338*^*span#$# Pasta Per Trio Inc./Noodles E Lasining MI *^*li#$#</job></day>
          <day ordinal="32" name="Wednesday" date="28"><job number="102088">~~li class="lineEntry t8 completed" title="Right-Click for Options"#$#
~~span id="job_102088" contenteditable="false"#$#102088*^*span#$# Tim Hortons Sterling Hts., MI 916646 (1- alum panel w/ break)*^*li#$#</job><job number="101916">~~li class="lineEntry t6" title="Right-Click for Options"#$#SHIP TO SUB FOR INSTALLATION #~~span id="job_101916" contenteditable="false"#$#101916*^*span#$# CAPSA Healthcare Kirby Lester (package)*^*li#$#</job></day>
          <day ordinal="33" name="Thursday" date="29"></day>
          <day ordinal="34" name="Friday" date="30"></day>
          <day ordinal="35" name="Saturday" date=""></day>
        </week>
      </month>
      <month ordinal="7" name="July">
        <week ordinal="1">
          <day ordinal="1" name="Sunday" date=""></day>
          <day ordinal="2" name="Monday" date=""></day>
          <day ordinal="3" name="Tuesday" date=""></day>
          <day ordinal="4" name="Wednesday" date=""></day>
          <day ordinal="5" name="Thursday" date=""></day>
          <day ordinal="6" name="Friday" date=""></day>
          <day ordinal="7" name="Saturday" date="1"></day>
        </week>
        <week ordinal="2">
          <day ordinal="8" name="Sunday" date="2"></day>
          <day ordinal="9" name="Monday" date="3"></day>
          <day ordinal="10" name="Tuesday" date="4"></day>
          <day ordinal="11" name="Wednesday" date="5"></day>
          <day ordinal="12" name="Thursday" date="6"></day>
          <day ordinal="13" name="Friday" date="7"><job number="101509">~~li class="lineEntry t8" title="Right-Click for Options"#$#
~~span id="job_101509" contenteditable="false"#$#101509*^*span#$# &amp; 101509-2 Manna Inc./Wendy's 01969 Cape Coral, FL (SHIP 4 FACES &amp; 2-SILVER TOWERS &amp; 1-RHR ONLY HERE / REST PACKAGE SHIPPED ALREADY) MUST ARRIVE ON 7-10-17*^*li#$#
</job><job number="101285">~~li class="lineEntry t6" title="Right-Click for Options"#$#SHIP TO SUB ATLAS SIGNS FOR INSTALLATION #~~span id="job_101285" contenteditable="false"#$#101285*^*span#$# WEN #11814 Morgantown WV (package)*^*li#$#</job><job number="98606-1">~~li class="lineEntry t6" title="Right-Click for Options"#$#
~~span id="job_98606-1" contenteditable="false"#$#98606-1*^*span#$# WEN #00489 Culpeper VA Shipped to sun 3-13-17*^*li#$#</job><job number="101106">~~li class="lineEntry t6" title="Right-Click for Options"#$#
~~span id="job_101106" contenteditable="false"#$#101106*^*span#$# WEN #11884 - W. Springfield, MA (PACKAGE)*^*li#$#</job></day>
          <day ordinal="14" name="Saturday" date="8"></day>
        </week>
        <week ordinal="3"><day ordinal="15" name="Sunday" date="9"></day>
        <day ordinal="16" name="Monday" date="10">
        	<job number="100412-1">~~li class="lineEntry t8" title="Right-Click for Options"#$#
~~span id="job_100412-1" contenteditable="false"#$#100412-1*^*span#$# BF Nashville Inc. DBA Wendy's (menu parts only)*^*li#$#</job><job number="102223">~~li class="lineEntry t10" title="Right-Click for Options"#$#
~~span id="job_102223" contenteditable="false"#$#~~i class="ic-ups"#$#*^*i#$#102223*^*span#$# WEN #03526  Frankfort, KY (graphic frames)*^*li#$#</job><job number="102222">~~li class="lineEntry t10" title="Right-Click for Options"#$#
~~span id="job_102222" contenteditable="false"#$#~~i class="ic-ups"#$#*^*i#$#102222*^*span#$# WEN #10757  Louisville, KY (graphic frames &amp; GTC)*^*li#$#</job><job number="101866">~~li class="lineEntry t8" title="Right-Click for Options"#$#
~~span id="job_101866" contenteditable="false"#$#101866*^*span#$# WEN #11612 Windermere, FL (menus only)*^*li#$#</job><job number="100838">~~li class="lineEntry t8" title="Right-Click for Options"#$#SHIP TO SITE ATTN: FLS LEO ~~span id="job_100838" contenteditable="false"#$#100838*^*span#$# Wendy's Site #11812 Lutz, FL (SPECIAL GROUND SIGN ONLY STILL TO SHIP)*^*li#$#</job><job number="100838-1">~~li class="lineEntry t7" title="Right-Click for Options"#$#
~~span id="job_100838-1" contenteditable="false"#$#100838-1*^*span#$# Wendy's Site #11812 LUTZ, FL (menus only)*^*li#$#</job><job number="101995">~~li class="lineEntry t10" title="Right-Click for Options"#$#
~~span id="job_101995" contenteditable="false"#$#~~i class="ic-ups"#$#*^*i#$#101995*^*span#$# Tim Horton's #9014 (menu parts)*^*li#$#</job><job number="102042-1">~~li class="lineEntry t10" title="Right-Click for Options"#$#
~~span id="job_102042-1" contenteditable="false"#$#102042-1*^*span#$# WEN #06732  St. Johns, NL (GTC)*^*li#$#</job><job number="102042">~~li class="lineEntry t10" title="Right-Click for Options"#$#
~~span id="job_102042" contenteditable="false"#$#~~i class="ic-ups"#$#*^*i#$#102042*^*span#$# WEN #06732  St. Johns, NL (1-RHR)*^*li#$#</job><job number="102041-1">~~li class="lineEntry t10" title="Right-Click for Options"#$#
~~span id="job_102041-1" contenteditable="false"#$#~~i class="ic-ups"#$#*^*i#$#102041-1*^*span#$# WEN #06733  St. Johns, NL (GTC)*^*li#$#</job><job number="102041">~~li class="lineEntry t10" title="Right-Click for Options"#$#
~~span id="job_102041" contenteditable="false"#$#~~i class="ic-ups"#$#*^*i#$#102041*^*span#$# WEN #06733  St. Johns, NL (1-RHR)*^*li#$#</job><job number="102372">~~li class="lineEntry t9" title="Right-Click for Options"#$#
~~span id="job_102372" contenteditable="false"#$#102372*^*span#$# KELLER WILLIAMS CLASSIC PROPERTIES*^*li#$#</job><job number="102037">~~li class="lineEntry t10" title="Right-Click for Options"#$#
~~span id="job_102037" contenteditable="false"#$#~~i class="ic-ups"#$#*^*i#$#102037*^*span#$# WEN #02507  N. Bergen, NJ (graphic frames)*^*li#$#</job><job number="102080">~~li class="lineEntry t8" title="Right-Click for Options"#$#
~~span id="job_102080" contenteditable="false"#$#102080*^*span#$# Wendy's Site #04594 Clare, MI  (1-RM1700 w/ back &amp; 1-silver tower)*^*li#$#</job><job number="102113">~~li class="lineEntry t8" title="Right-Click for Options"#$#SHIP TO MINEOLA SIGNS #~~span id="job_102113" contenteditable="false"#$#102113*^*span#$# Kiddie Academy of East Setauket (package)*^*li#$#</job><job number="101681-3">~~li class="lineEntry t10" title="Right-Click for Options"#$#
~~span id="job_101681-3" contenteditable="false"#$#~~i class="ic-ups"#$#*^*i#$#101681-3*^*span#$# WEN #03364 Jacksonville, IL (1-employee only sign)*^*li#$#</job><job number="102048">~~li class="lineEntry t3 completed" title="Right-Click for Options"#$#
~~span id="job_102048" contenteditable="false"#$#~~i class="ic-i-comp-alt"#$#*^*i#$#102048*^*span#$# Habegger Corporation (YESCO TO TRIM SIZE FACE 1st)*^*li#$#</job><job number="102070">~~li class="lineEntry t9" title="Right-Click for Options"#$#
~~span id="job_102070" contenteditable="false"#$#102070*^*span#$# Clair United Methodist Church (ground sign &amp; font)*^*li#$#</job><job number="94126S2">~~li class="lineEntry t6" title="Right-Click for Options"#$#
~~span id="job_94126S2" contenteditable="false"#$#94126S2*^*span#$# WEN #11777  Midlothian, VA (service)*^*li#$#
</job><job number="102156">~~li class="lineEntry t1" title="Right-Click for Options"#$#
~~span id="job_102156" contenteditable="false"#$#102156*^*span#$# Boxley Contracting Services/WEN 11892 SPRINGFIELD, OH (package)*^*li#$#
</job><job number="101937">~~li class="lineEntry t6" title="Right-Click for Options"#$#
~~span id="job_101937" contenteditable="false"#$#101937*^*span#$# Simply Self Storage Oklahoma City, OK*^*li#$#
</job><job number="101936">~~li class="lineEntry t6" title="Right-Click for Options"#$#
~~span id="job_101936" contenteditable="false"#$#101936*^*span#$# Simply Self Storage Oklahoma City, OK*^*li#$#
</job><job number="101935">~~li class="lineEntry t6" title="Right-Click for Options"#$#
~~span id="job_101935" contenteditable="false"#$#101935*^*span#$# Simply Self Storage Oklahoma City, OK*^*li#$#
</job><job number="101934">~~li class="lineEntry t6" title="Right-Click for Options"#$#
~~span id="job_101934" contenteditable="false"#$#101934*^*span#$# Simply Self Storage Stillwater, OK*^*li#$#
</job><job number="101933">~~li class="lineEntry t6" title="Right-Click for Options"#$#
~~span id="job_101933" contenteditable="false"#$#101933*^*span#$# Simply Self Storage Moore, OK*^*li#$#
</job><job number="101932">~~li class="lineEntry t6" title="Right-Click for Options"#$#
~~span id="job_101932" contenteditable="false"#$#101932*^*span#$# Simply Self Storage Chickasha, OK*^*li#$#
</job><job number="101924">~~li class="lineEntry t6" title="Right-Click for Options"#$#
~~span id="job_101924" contenteditable="false"#$#101924*^*span#$# Simply Self Storage Chickasha, OK *^*li#$#
</job><job number="101912">~~li class="lineEntry t6" title="Right-Click for Options"#$#
~~span id="job_101912" contenteditable="false"#$#101912*^*span#$# Simply Self Storage Oklahoma City, OK*^*li#$#
</job><job number="102193">~~li class="lineEntry t2 completed" title="Right-Click for Options"#$#
~~span id="job_102193" contenteditable="false"#$#102193*^*span#$# Courtyards at Village Crossing (remove sign only Westerville)*^*li#$#
</job><job number="102360">~~li class="lineEntry t10" title="Right-Click for Options"#$#
~~span id="job_102360" contenteditable="false"#$#~~i class="ic-ups"#$#*^*i#$#102360*^*span#$# Marion Sign/Frontstreet Property Ocala,FL (small acrylic sign)*^*li#$#
</job><job number="102410">~~li class="lineEntry t2 completed" title="Right-Click for Options"#$#
~~span id="job_102410" contenteditable="false"#$#102410*^*span#$# Courtyards at Maxtown Westerville (removal of sign only)*^*li#$#</job><job number="102413">~~li class="lineEntry t9" title="Right-Click for Options"#$#
~~span id="job_102413" contenteditable="false"#$#102413*^*span#$# United Food Discount (pvc)*^*li#$#</job>
        </day>
        <day ordinal="17" name="Tuesday" date="11"><job number="101925">~~li class="lineEntry t2" title="Right-Click for Options"#$#
~~span id="job_101925" contenteditable="false"#$#101925*^*span#$# Tim Horton's #5750 Columbus, OH (1-dir only)*^*li#$#
</job><job number="101714">~~li class="lineEntry t2" title="Right-Click for Options"#$#
~~span id="job_101714" contenteditable="false"#$#101714*^*span#$# Area 809 Multiservices*^*li#$#
</job><job number="admin-note">~~li class="lineEntry t2" title="Right Click for Options"#$#102030 John Tarantino Bexley, OH (TRIM SIZE FACE ONLY HERE)~~span id="admin-note" contenteditable="false" style="visibility:hidden"#$#*^*span#$#
*^*li#$#
</job><job number="101619">~~li class="lineEntry t8" title="Right-Click for Options"#$#
~~span id="job_101619" contenteditable="false"#$#101619*^*span#$# Wendy's Site #06805 Cochrane, AB (menus only) T/O 8-7?*^*li#$#
</job><job number="99454-3">~~li class="lineEntry t8" title="Right-Click for Options"#$#
~~span id="job_99454-3" contenteditable="false"#$#99454-3*^*span#$# MUY! Companies/Wendy's 04721 San Marcos, TX (package &amp; GTC also)*^*li#$#
</job><job number="99850-1">~~li class="lineEntry t10" title="Right-Click for Options"#$#
~~span id="job_99850-1" contenteditable="false"#$#~~i class="ic-ups"#$#*^*i#$#99850-1*^*span#$# WEN #06552 Mission, BC Wo#99850 (2-old silver towers only)*^*li#$#
</job><job number="100563">~~li class="lineEntry t9" title="Right-Click for Options"#$#
~~span id="job_100563" contenteditable="false"#$#100563*^*span#$# Wendy's International, LLC - Dublin, OH (PROTOTYPE NEW SILVER TOWER)*^*li#$#
</job><job number="99180-1">~~li class="lineEntry t10" title="Right-Click for Options"#$#
~~span id="job_99180-1" contenteditable="false"#$#~~i class="ic-ups"#$#*^*i#$#99180-1*^*span#$# WEN #06807  Calgary, AB (2-OLD SILVER TOWERS ONLY)*^*li#$#
</job><job number="101263-1">~~li class="lineEntry t10" title="Right-Click for Options"#$#
~~span id="job_101263-1" contenteditable="false"#$#~~i class="ic-ups"#$#*^*i#$#101263-1*^*span#$# Mark Levy (1-warranty old silver tower w/ no power supply) *^*li#$#
</job><job number="101648-1">~~li class="lineEntry t10" title="Right-Click for Options"#$#
~~span id="job_101648-1" contenteditable="false"#$#~~i class="ic-ups"#$#*^*i#$#101648-1*^*span#$# WEN #06451 WINDSOR, ON (2-old silver towers only)*^*li#$#
</job><job number="101640">~~li class="lineEntry t8" title="Right-Click for Options"#$#SHIP TO AZ SIGN &amp; LIGHTING FOR INSTALLATION #~~span id="job_101640" contenteditable="false"#$#101640*^*span#$# Extend a Suites (package) = NEED $$$ FIRST ....*^*li#$#</job><job number="100710-1">~~li class="lineEntry t6" title="Right-Click for Options"#$#SHIP TO SIGNAL SIGNS #~~span id="job_100710-1" contenteditable="false"#$#100710-1*^*span#$# WEN #00034 Morrow, GA = T/O 7-10*^*li#$#</job><job number="100710">~~li class="lineEntry t6" title="Right-Click for Options"#$#SHIP TO SIGNAL SIGNS #~~span id="job_100710" contenteditable="false"#$#100710*^*span#$# WEN #00034 Morrow, GA  = T/O 7-10*^*li#$#</job><job number="102288">~~li class="lineEntry t6" title="Right-Click for Options"#$#
~~span id="job_102288" contenteditable="false"#$#102288*^*span#$# Noodles &amp; Company - Greenville, NC (package) install on 7-20*^*li#$#</job><job number="101898">~~li class="lineEntry t10" title="Right-Click for Options"#$#
~~span id="job_101898" contenteditable="false"#$#~~i class="ic-ups"#$#*^*i#$#101898*^*span#$# Wasserstrom Company Columbus, OH (TH BLOCKERS)*^*li#$#
</job><job number="101739">~~li class="lineEntry t8" title="Right-Click for Options"#$#
~~span id="job_101739" contenteditable="false"#$#101739*^*span#$# Wendy's Site #09208 Clarkson, MI (monument with pole)*^*li#$#
</job><job number="102423">~~li class="lineEntry t9" title="Right-Click for Options"#$#
~~span id="job_102423" contenteditable="false"#$#102423*^*span#$# Epcon Communities*^*li#$#</job><job number="102429">~~li class="lineEntry t9" title="Right-Click for Options"#$#
~~span id="job_102429" contenteditable="false"#$#102429*^*span#$# The Courtyards at Bradford Court*^*li#$#</job></day><day ordinal="18" name="Wednesday" date="12"><job number="admin-note">~~li class="lineEntry t1" title="Right Click for Options"#$#101988 Madison County Fairgrounds (Replace 1-LED panel...once it arrives at shop  )~~span id="admin-note" contenteditable="false" style="visibility:hidden"#$#*^*span#$#
*^*li#$#
</job><job number="102350">~~li class="lineEntry t2" title="Right-Click for Options"#$#
~~span id="job_102350" contenteditable="false"#$#102350*^*span#$# Tim Horton's #7507 Lancaster, OH (dir. face)*^*li#$#</job><job number="101986">~~li class="lineEntry t2" title="Right-Click for Options"#$#
~~span id="job_101986" contenteditable="false"#$#101986*^*span#$# Lancaster Ridge (OUPS) (ACM on posts)*^*li#$#
</job><job number="100100-1">~~li class="lineEntry t9" title="Right-Click for Options"#$#
~~span id="job_100100-1" contenteditable="false"#$#100100-1*^*span#$# Mills Realty - Lancaster, OH (HDU w/ bracket)*^*li#$#
</job><job number="101325-2">~~li class="lineEntry t10 hold" title="Right-Click for Options"#$#
~~span id="job_101325-2" contenteditable="false"#$#~~i class="ic-ups"#$#*^*i#$#101325-2*^*span#$# WEN #03086  Marion, IL ATTN: BRIAN (1-warranty heisman panel Only) CALL BRIAN BEFORE SHIPPING*^*li#$#
</job><job number="101160">~~li class="lineEntry t10" title="Right-Click for Options"#$#
~~span id="job_101160" contenteditable="false"#$#101160*^*span#$# Wendy's Site #08436 New Style Silver Tower
*^*li#$#
</job><job number="100557-1">~~li class="lineEntry t10" title="Right-Click for Options"#$#
~~span id="job_100557-1" contenteditable="false"#$#~~i class="ic-ups"#$#*^*i#$#100557-1*^*span#$# WEN #08480 N. Miami Beach, FL New Style Silver Tower *^*li#$#
</job><job number="101531">~~li class="lineEntry t8" title="Right-Click for Options"#$#
~~span id="job_101531" contenteditable="false"#$#101531*^*span#$# Carolina Restaurant Group, Inc. (11-NEW SILVER TOWERS ONLY)*^*li#$#
</job><job number="101696">~~li class="lineEntry t8" title="Right-Click for Options"#$#SHIP TO SITE FOR QT SIGNS---
~~span id="job_101696" contenteditable="false"#$#101696*^*span#$# Wendy's Site #11768 Villa Park, IL (full package)*^*li#$#
</job><job number="102229">~~li class="lineEntry t10" title="Right-Click for Options"#$#
~~span id="job_102229" contenteditable="false"#$#~~i class="ic-ups"#$#*^*i#$#102229*^*span#$# Laurels of Athens - Athens OH (2-alum panels only)*^*li#$#
</job><job number="102206">~~li class="lineEntry t10" title="Right-Click for Options"#$#
~~span id="job_102206" contenteditable="false"#$#~~i class="ic-ups"#$#*^*i#$#102206*^*span#$# WEN #06345 HAMILTON, ON (menu parts)*^*li#$#</job><job number="102244">~~li class="lineEntry t10" title="Right-Click for Options"#$#
~~span id="job_102244" contenteditable="false"#$#~~i class="ic-ups"#$#*^*i#$#102244*^*span#$# WEN #03481 Thomasville, GA (graphic frames)*^*li#$#
</job><job number="102446">~~li class="lineEntry t9" title="Right-Click for Options"#$#
~~span id="job_102446" contenteditable="false"#$#102446*^*span#$# St. Aloysius Church*^*li#$#</job><job number="102454">~~li class="lineEntry t9" title="Right-Click for Options"#$#
~~span id="job_102454" contenteditable="false"#$#102454*^*span#$# Hilltop Kiwanis*^*li#$#</job><job number="102461">~~li class="lineEntry t9" title="Right-Click for Options"#$#
~~span id="job_102461" contenteditable="false"#$#102461*^*span#$# Keller Williams Consultants*^*li#$#</job><job number="102462">~~li class="lineEntry t9" title="Right-Click for Options"#$#
~~span id="job_102462" contenteditable="false"#$#102462*^*span#$# Ohio Manority Golf Association*^*li#$#</job><job number="102469">~~li class="lineEntry unassigned" title="Right-Click for Options" contenteditable="false"#$#
~~span id="job_102469"#$#102469*^*span#$# MYERS REAL ESTATE*^*li#$#</job></day><day ordinal="19" name="Thursday" date="13"><job number="102096">~~li class="lineEntry t8" title="Right-Click for Options"#$#
~~span id="job_102096" contenteditable="false"#$#102096*^*span#$# WEN #03097 Cape Girardeau, MO (2-wall signs w/pan faces) *^*li#$#</job><job number="102030">~~li class="lineEntry t2" title="Right-Click for Options"#$#
~~span id="job_102030" contenteditable="false"#$#102030*^*span#$# John Tarantino Bexley, OH (1-flat face) $*^*li#$#</job><job number="102049">~~li class="lineEntry t2" title="Right-Click for Options"#$#
~~span id="job_102049" contenteditable="false"#$#102049*^*span#$# Habegger Corporation (LED RETRO FIT KIT) $ *^*li#$#</job><job number="101681-3">~~li class="lineEntry t10" title="Right-Click for Options"#$#
~~span id="job_101681-3" contenteditable="false"#$#~~i class="ic-ups"#$#*^*i#$#101681-3*^*span#$# WEN #03364 Jacksonville, IL (1-employee only sign)*^*li#$#</job><job number="102113">~~li class="lineEntry t8" title="Right-Click for Options"#$#SHIP TO MINEOLA SIGNS #~~span id="job_102113" contenteditable="false"#$#102113*^*span#$# Kiddie Academy of East Setauket (package)*^*li#$#</job><job number="102080">~~li class="lineEntry t8" title="Right-Click for Options"#$#
~~span id="job_102080" contenteditable="false"#$#102080*^*span#$# Wendy's Site #04594 Clare, MI  (1-RM1700 w/ back &amp; 1-silver tower)*^*li#$#</job><job number="102041">~~li class="lineEntry t10" title="Right-Click for Options"#$#
~~span id="job_102041" contenteditable="false"#$#~~i class="ic-ups"#$#*^*i#$#102041*^*span#$# WEN #06733  St. Johns, NL (1-RHR)*^*li#$#</job><job number="102041-1">~~li class="lineEntry t10" title="Right-Click for Options"#$#
~~span id="job_102041-1" contenteditable="false"#$#~~i class="ic-ups"#$#*^*i#$#102041-1*^*span#$# WEN #06733  St. Johns, NL (GTC)*^*li#$#</job><job number="102042">~~li class="lineEntry t10" title="Right-Click for Options"#$#
~~span id="job_102042" contenteditable="false"#$#~~i class="ic-ups"#$#*^*i#$#102042*^*span#$# WEN #06732  St. Johns, NL (1-RHR)*^*li#$#</job><job number="102042-1">~~li class="lineEntry t10" title="Right-Click for Options"#$#
~~span id="job_102042-1" contenteditable="false"#$#102042-1*^*span#$# WEN #06732  St. Johns, NL (GTC)*^*li#$#</job><job number="101995">~~li class="lineEntry t10" title="Right-Click for Options"#$#
~~span id="job_101995" contenteditable="false"#$#~~i class="ic-ups"#$#*^*i#$#101995*^*span#$# Tim Horton's #9014 (menu parts)*^*li#$#</job><job number="101866">~~li class="lineEntry t8" title="Right-Click for Options"#$#
~~span id="job_101866" contenteditable="false"#$#101866*^*span#$# WEN #11612 Windermere, FL (menus only)*^*li#$#
</job><job number="101711">~~li class="lineEntry t1" title="Right-Click for Options"#$#
~~span id="job_101711" contenteditable="false"#$#101711*^*span#$# Kenny Road Family Dental (ground sign) RE-CALL OUPS (PERMITS IN HAND) BACKHOE - OURS / INSP-PM / CRETE - WC*^*li#$#
</job><job number="100412-1">~~li class="lineEntry t8" title="Right-Click for Options"#$#
~~span id="job_100412-1" contenteditable="false"#$#100412-1*^*span#$# BF Nashville Inc. DBA Wendy's (menu parts only)*^*li#$#
</job><job number="102152">~~li class="lineEntry t1" title="Right-Click for Options"#$#
~~span id="job_102152" contenteditable="false"#$#102152*^*span#$# JG/Fazoli's (3-flat faces) permits in hand *^*li#$#
</job><job number="100607">~~li class="lineEntry t8" title="Right-Click for Options"#$#SHIP TO MINEOLA SIGNS FOR INSTALLATION #~~span id="job_100607" contenteditable="false"#$#100607*^*span#$# WEN #02510 - Floral Park, NY (small package)*^*li#$#</job><job number="102189">~~li class="lineEntry t10" title="Right-Click for Options"#$#
~~span id="job_102189" contenteditable="false"#$#~~i class="ic-ups"#$#*^*i#$#102189*^*span#$# Tim Hortons 11012 Stelzer Rd Columbus, OH (menu parts)*^*li#$#
</job><job number="102433">~~li class="lineEntry t9" title="Right-Click for Options"#$#
~~span id="job_102433" contenteditable="false"#$#102433*^*span#$# Island Noodles*^*li#$#
</job><job number="102442">~~li class="lineEntry t9" title="Right-Click for Options"#$#
~~span id="job_102442" contenteditable="false"#$#102442*^*span#$# MYERS REAL ESTATE*^*li#$#</job><job number="102445">~~li class="lineEntry t10" title="Right-Click for Options"#$#
~~span id="job_102445" contenteditable="false"#$#~~i class="ic-ups"#$#*^*i#$#102445*^*span#$# WEN #05159  Paramus, NJ (2-LED lights w/ Rings)*^*li#$#</job><job number="102457">~~li class="lineEntry t9" title="Right-Click for Options"#$#
~~span id="job_102457" contenteditable="false"#$#102457*^*span#$# NNEMAP*^*li#$#</job><job number="102463">~~li class="lineEntry t9" title="Right-Click for Options"#$#
~~span id="job_102463" contenteditable="false"#$#102463*^*span#$# Oscar W Larson Co*^*li#$#</job><job number="102467">~~li class="lineEntry unassigned" title="Right-Click for Options" contenteditable="false"#$#
~~span id="job_102467"#$#102467*^*span#$# Community Express, LLC*^*li#$#</job></day><day ordinal="20" name="Friday" date="14"><job number="102084">~~li class="lineEntry t2" title="Right-Click for Options"#$#
~~span id="job_102084" contenteditable="false"#$#102084*^*span#$# Ruby Nails &amp; Spa Blacklick, OH (few flat faces)  permits  (TRIM SIZE ONLY HERE)*^*li#$#</job><job number="102123">~~li class="lineEntry t2" title="Right-Click for Options"#$#
~~span id="job_102123" contenteditable="false"#$#102123*^*span#$# Epcon/ Maxtown Westerville, OH (1-st sign) (OUPS)*^*li#$#
</job><job number="101622">~~li class="lineEntry t6" title="Right-Click for Options"#$#SHIP TO OUTDOOR COCOA
~~span id="job_101622" contenteditable="false"#$#101622*^*span#$# WEN #11857 Melbourne, FL (package) *^*li#$#
</job><job number="102196">~~li class="lineEntry t6" title="Right-Click for Options"#$#
~~span id="job_102196" contenteditable="false"#$#102196*^*span#$# Meritage Hospitality Group/WEN 00700 Richmond VA T/O 7-17 (start install 7-6)*^*li#$#
</job><job number="102196-1">~~li class="lineEntry t6" title="Right-Click for Options"#$#
~~span id="job_102196-1" contenteditable="false"#$#102196-1*^*span#$# WEN #00700  Richmond, VA (canopies &amp; clearance pole) *^*li#$#
</job><job number="101818">~~li class="lineEntry t6" title="Right-Click for Options"#$#SHIP TO SUB G &amp; S SIGN SERVICES FOR INSTALLATION  #~~span id="job_101818" contenteditable="false"#$#101818*^*span#$# Wendy's Site #00678 Oklahoma City, OK (small package)*^*li#$#
</job><job number="admin-note">~~li class="lineEntry t6" title="Right Click for Options"#$#DELIVER TO INDIGO SIGNS - Wendy's Emporia #101814 (ship RE-DO FACES) (*PICK UP OTHER FACES*)~~span id="admin-note" contenteditable="false" style="visibility:hidden"#$#*^*span#$#
*^*li#$#
</job><job number="101211-2">~~li class="lineEntry t10" title="Right-Click for Options"#$#
~~span id="job_101211-2" contenteditable="false"#$#~~i class="ic-ups"#$#*^*i#$#101211-2*^*span#$# WEN #11135 Plymouth, MA (2-new silver towers)*^*li#$#
</job><job number="101579">~~li class="lineEntry t10" title="Right-Click for Options"#$#
~~span id="job_101579" contenteditable="false"#$#~~i class="ic-ups"#$#*^*i#$#101579*^*span#$# WEN #01383 Columbus, OH (1-NEW SILVER TOWER ONLY)*^*li#$#
</job><job number="101581">~~li class="lineEntry t10" title="Right-Click for Options"#$#
~~span id="job_101581" contenteditable="false"#$#~~i class="ic-ups"#$#*^*i#$#101581*^*span#$# WEN #00817 Columbus, OH (2-NEW SILVER TOWERS &amp; FEW GRAPHICS)*^*li#$#
</job><job number="101744">~~li class="lineEntry t10" title="Right-Click for Options"#$#
~~span id="job_101744" contenteditable="false"#$#~~i class="ic-ups"#$#*^*i#$#101744*^*span#$# Wendy's Site #07790 Holland Mi (2-NEW Silver towers &amp; track also)*^*li#$#
</job><job number="102034">~~li class="lineEntry t10" title="Right-Click for Options"#$#
~~span id="job_102034" contenteditable="false"#$#~~i class="ic-ups"#$#*^*i#$#102034*^*span#$# Wendy's Site #02591 (2-silver towers)*^*li#$#
</job><job number="102013">~~li class="lineEntry t10" title="Right-Click for Options"#$#
~~span id="job_102013" contenteditable="false"#$#~~i class="ic-ups"#$#*^*i#$#102013*^*span#$# WEN #10523 / Carbondale, IL (2 silver towers &amp; 5200 LCD parts)*^*li#$#
</job><job number="101143-2">~~li class="lineEntry t10" title="Right-Click for Options"#$#
~~span id="job_101143-2" contenteditable="false"#$#~~i class="ic-ups"#$#*^*i#$#101143-2*^*span#$# WEN #11347  Plymouth, MA (2-new silver towers)*^*li#$#
</job><job number="101141-2">~~li class="lineEntry t10" title="Right-Click for Options"#$#
~~span id="job_101141-2" contenteditable="false"#$#~~i class="ic-ups"#$#*^*i#$#101141-2*^*span#$# WEN #09535 S. Yarmouth, MA (2-new silver towers only)*^*li#$#
</job><job number="98592-1">~~li class="lineEntry t10" title="Right-Click for Options"#$#
~~span id="job_98592-1" contenteditable="false"#$#~~i class="ic-ups"#$#*^*i#$#98592-1*^*span#$# WEN #05802  Parsippany, NJ (2-new silver towers warranty)*^*li#$#
</job><job number="101244">~~li class="lineEntry t7" title="Right-Click for Options"#$#SHIP TO OUTDOOR COCOA #~~span id="job_101244" contenteditable="false"#$#101244*^*span#$# WEN 11850 Jacksonville, FL (package) T/O 8/4*^*li#$#</job><job number="102202">~~li class="lineEntry t8" title="Right-Click for Options"#$#
~~span id="job_102202" contenteditable="false"#$#102202*^*span#$# D.P. Murphy (Quebec) Inc. (menus only)*^*li#$#</job><job number="102230">~~li class="lineEntry t3" title="Right-Click for Options"#$#
~~span id="job_102230" contenteditable="false"#$#~~i class="ic-i-comp-alt"#$#*^*i#$#102230*^*span#$# WEN #01676  Obetz, OH (SET ANCHORS HERE FIRST Pivoting canopy on new anchors)*^*li#$#</job><job number="102380">~~li class="lineEntry t10" title="Right-Click for Options"#$#
~~span id="job_102380" contenteditable="false"#$#~~i class="ic-ups"#$#*^*i#$#102380*^*span#$# WEN #06841 Spruce Grove, AB (2- old silver towers)*^*li#$#</job><job number="102417">~~li class="lineEntry t10" title="Right-Click for Options"#$#
~~span id="job_102417" contenteditable="false"#$#~~i class="ic-ups"#$#*^*i#$#102417*^*span#$# Wendy's Site #09158 Columbus, GA (1-RHR)*^*li#$#
</job><job number="99411-1">~~li class="lineEntry t10" title="Right-Click for Options"#$#
~~span id="job_99411-1" contenteditable="false"#$#~~i class="ic-ups"#$#*^*i#$#99411-1*^*span#$# WEN #00866 W/O #99406 - Ft Myers, FL (few GTC entry letters only)*^*li#$#
</job><job number="101140-1">~~li class="lineEntry t10" title="Right-Click for Options"#$#
~~span id="job_101140-1" contenteditable="false"#$#~~i class="ic-ups"#$#*^*i#$#101140-1*^*span#$# WEN#11862 - Madison, AL (2-silver towers still to ship only)*^*li#$#</job><job number="102447">~~li class="lineEntry t9" title="Right-Click for Options"#$#
~~span id="job_102447" contenteditable="false"#$#102447*^*span#$# Culvers/ Columbus, OH*^*li#$#</job><job number="102449">~~li class="lineEntry t10" title="Right-Click for Options"#$#
~~span id="job_102449" contenteditable="false"#$#~~i class="ic-ups"#$#*^*i#$#102449*^*span#$# TH#6676 Minneapolis, MN (vinyl?)*^*li#$#</job><job number="102450">~~li class="lineEntry t8" title="Right-Click for Options"#$#
~~span id="job_102450" contenteditable="false"#$#102450*^*span#$# TH#6662 w/o 99958 International Falls, MN (1-script banner)*^*li#$#</job><job number="102452">~~li class="lineEntry t10" title="Right-Click for Options"#$#
~~span id="job_102452" contenteditable="false"#$#~~i class="ic-ups"#$#*^*i#$#102452*^*span#$# Tim Hortons #916649 MN (vinyl?)*^*li#$#</job><job number="102471">~~li class="lineEntry unassigned" title="Right-Click for Options" contenteditable="false"#$#
~~span id="job_102471"#$#102471*^*span#$# Total Tennis, Inc.*^*li#$#
</job><job number="102480">~~li class="lineEntry unassigned" title="Right-Click for Options" contenteditable="false"#$#
~~span id="job_102480"#$#102480*^*span#$# REAL ESTATE SIGNS &amp; SERV*^*li#$#
</job><job number="102486">~~li class="lineEntry unassigned" title="Right-Click for Options" contenteditable="false"#$#
~~span id="job_102486"#$#102486*^*span#$# Columbus Dispatch*^*li#$#
</job><job number="102488">~~li class="lineEntry unassigned" title="Right-Click for Options" contenteditable="false"#$#
~~span id="job_102488"#$#102488*^*span#$# GREG WATSON REAL ESTATE LLC*^*li#$#
</job><job number="102489">~~li class="lineEntry unassigned" title="Right-Click for Options" contenteditable="false"#$#
~~span id="job_102489"#$#102489*^*span#$# TCK TRUCKING OF COLUMBUS LLC*^*li#$#
</job><job number="102493">~~li class="lineEntry unassigned" title="Right-Click for Options" contenteditable="false"#$#
~~span id="job_102493"#$#102493*^*span#$# Toula Properites*^*li#$#
</job><job number="102503">~~li class="lineEntry unassigned" title="Right-Click for Options" contenteditable="false"#$#
~~span id="job_102503"#$#102503*^*span#$# Transamerica Building Company*^*li#$#</job></day>"
				<day ordinal="21" name="Saturday" date="15"></day></week>
        <week ordinal="4">
          <day ordinal="22" name="Sunday" date="16"></day>
          <day ordinal="23" name="Monday" date="17"><job number="102154">~~li class="lineEntry t7" title="Right-Click for Options"#$#SHIP TO SIGN CLINIC #~~span id="job_102154" contenteditable="false"#$#102154*^*span#$# Wendy's Site #04015 Charlotte, NC (channels, Menus, GTC)*^*li#$#</job><job number="102153">~~li class="lineEntry t7" title="Right-Click for Options"#$#SHIP TO SIGN CLINIC #~~span id="job_102153" contenteditable="false"#$#102153*^*span#$# Wendy's Site #02969 Charlotte, NC (channels, menus &amp; GTC)*^*li#$#</job><job number="101562">~~li class="lineEntry t7" title="Right-Click for Options"#$#SHIP TO SIGN CLINIC #~~span id="job_101562" contenteditable="false"#$#101562*^*span#$# Wendy's Site #05359 Store #36 Charlotte, NC (clearance pole &amp; 3 canopies)*^*li#$#</job><job number="101063">~~li class="lineEntry t8 hold" title="Right-Click for Options"#$#SHIP TO R &amp; R SIGNS FOR INSTALLATION #~~span id="job_101063" contenteditable="false"#$#101063*^*span#$# Claremont Kiddie Academy (channels &amp; vinyl)*^*li#$#
</job><job number="101794">~~li class="lineEntry t8 hold" title="Right-Click for Options"#$#
~~span id="job_101794" contenteditable="false"#$#101794*^*span#$# WEN #08175 Madison, AL (menus only) *^*li#$#
</job><job number="101795">~~li class="lineEntry t8 hold" title="Right-Click for Options"#$#
~~span id="job_101795" contenteditable="false"#$#101795*^*span#$# WEN #05612 Clarksville, TN (menus only)*^*li#$#</job><job number="101479">~~li class="lineEntry t6" title="Right-Click for Options"#$#
~~span id="job_101479" contenteditable="false"#$#101479*^*span#$# TH#7911 - Bemidji, MN*^*li#$#
</job><job number="101096">~~li class="lineEntry t2" title="Right-Click for Options"#$#
~~span id="job_101096" contenteditable="false"#$#101096*^*span#$# TH #916499 - Plain City, OH (package)*^*li#$#</job><job number="102216">~~li class="lineEntry t7" title="Right-Click for Options"#$#
~~span id="job_102216" contenteditable="false"#$#102216*^*span#$# Outdoor Images/City of Edgewood (1-alum sign)*^*li#$#
</job><job number="101963">~~li class="lineEntry t1" title="Right-Click for Options"#$#
~~span id="job_101963" contenteditable="false"#$#101963*^*span#$# Wendy's Site #08660 Kentwood, MI (package) overnight all week here...*^*li#$#
</job><job number="102309">~~li class="lineEntry t10" title="Right-Click for Options"#$#
~~span id="job_102309" contenteditable="false"#$#~~i class="ic-ups"#$#*^*i#$#102309*^*span#$# Wendy's Site #02911 Monroe LA (bunch of menu backs only)*^*li#$#</job><job number="102328">~~li class="lineEntry t8" title="Right-Click for Options"#$#
~~span id="job_102328" contenteditable="false"#$#102328*^*span#$# WEN #03523  Alcoa, TN (menus only)*^*li#$#</job><job number="101681-4">~~li class="lineEntry t10" title="Right-Click for Options"#$#
~~span id="job_101681-4" contenteditable="false"#$#~~i class="ic-ups"#$#*^*i#$#101681-4*^*span#$# WEN #03364 Jacksonville, IL (1-warranty heisman ???)*^*li#$#</job><job number="102490">~~li class="lineEntry unassigned" title="Right-Click for Options" contenteditable="false"#$#
~~span id="job_102490"#$#102490*^*span#$# Levay Painting Co*^*li#$#
</job><job number="102491">~~li class="lineEntry unassigned" title="Right-Click for Options" contenteditable="false"#$#
~~span id="job_102491"#$#102491*^*span#$# Coughlin Realty*^*li#$#
</job><job number="102502">~~li class="lineEntry unassigned" title="Right-Click for Options" contenteditable="false"#$#
~~span id="job_102502"#$#102502*^*span#$# Leaf Guard*^*li#$#
</job><job number="99229-6">~~li class="lineEntry unassigned" title="Right-Click for Options" contenteditable="false"#$#
~~span id="job_99229-6"#$#99229-6*^*span#$# WEN #11776 - Lewis Ctr, OH*^*li#$#
</job><job number="102514">~~li class="lineEntry unassigned" title="Right-Click for Options" contenteditable="false"#$#  ~~i class="ic-flag"#$# *^*i#$#	 ~~span id="job_102514"#$#102514*^*span#$# George's Iron Works*^*li#$#</job></day>
          <day ordinal="24" name="Tuesday" date="18"><job number="admin-note">~~li class="lineEntry t2" title="Right Click for Options"#$#101096 TH #916499 - Plain City, OH (pacakge)~~span id="admin-note" contenteditable="false" style="visibility:hidden"#$#*^*span#$#
*^*li#$#</job><job number="100170-1">~~li class="lineEntry unassigned" title="Right-Click for Options" contenteditable="false"#$#
~~span id="job_100170-1"#$#~~i class="ic-flag"#$#*^*i#$#100170-1*^*span#$# WEN #02157  Hamilton, OH*^*li#$#
</job><job number="102501">~~li class="lineEntry unassigned" title="Right-Click for Options" contenteditable="false"#$#
~~span id="job_102501"#$#~~i class="ic-flag"#$#*^*i#$#102501*^*span#$# Metro Village Realty*^*li#$#
</job><job number="97895-2">~~li class="lineEntry unassigned" title="Right-Click for Options" contenteditable="false"#$#
~~span id="job_97895-2"#$#~~i class="ic-flag"#$#*^*i#$#97895-2*^*span#$# WEN #11615 Plain City, OH*^*li#$#</job></day>
          <day ordinal="25" name="Wednesday" date="19"><job number="101366">~~li class="lineEntry t7" title="Right-Click for Options"#$#SHIP TO ALLIED SIGNS #~~span id="job_101366" contenteditable="false"#$#101366*^*span#$# Tim Hortons 5654 - Canton MI $*^*li#$#</job><job number="102361">~~li class="lineEntry t3" title="Right-Click for Options"#$#
~~span id="job_102361" contenteditable="false"#$#~~i class="ic-i-comp-alt"#$#*^*i#$#102361*^*span#$# Ocean Providence MARY TO INSTALL *^*li#$#
</job><job number="102253">~~li class="lineEntry t9 hold" title="Right-Click for Options"#$#
~~span id="job_102253" contenteditable="false"#$#102253*^*span#$# Boyer/Smy The Property Advisors*^*li#$#</job><job number="admin-note">~~li class="lineEntry t2" title="Right Click for Options"#$#101096 TH #916499 - Plain City, OH (package)~~span id="admin-note" contenteditable="false" style="visibility:hidden"#$#*^*span#$#
*^*li#$#
</job><job number="102511">~~li class="lineEntry unassigned" title="Right-Click for Options" contenteditable="false"#$#  ~~i class="ic-flag"#$# *^*i#$#	 ~~span id="job_102511"#$#102511*^*span#$# Man About Town Barber Salon*^*li#$#</job><job number="102515">~~li class="lineEntry unassigned" title="Right-Click for Options" contenteditable="false"#$#  ~~i class="ic-flag"#$# *^*i#$#	 ~~span id="job_102515"#$#102515*^*span#$# Core Ohio Realty Advisors*^*li#$#</job></day>
          <day ordinal="26" name="Thursday" date="20"><job number="102194">~~li class="lineEntry t9" title="Right-Click for Options"#$#
~~span id="job_102194" contenteditable="false"#$#102194*^*span#$# Remax Keep it 100*^*li#$#
</job><job number="102305">~~li class="lineEntry t8" title="Right-Click for Options"#$#
~~span id="job_102305" contenteditable="false"#$#102305*^*span#$# WEN #11847  Chicago, IL (menus only)*^*li#$#</job><job number="102306">~~li class="lineEntry t8" title="Right-Click for Options"#$#
~~span id="job_102306" contenteditable="false"#$#102306*^*span#$# WEN #11743  Chicago, IL (menus only)*^*li#$#
</job><job number="admin-note">~~li class="lineEntry t1" title="Right Click for Options"#$#101963 Wendy's Kentwood, MI (package) overnight~~span id="admin-note" contenteditable="false" style="visibility:hidden"#$#*^*span#$#
*^*li#$#</job></day>
          <day ordinal="27" name="Friday" date="21"><job number="102270">~~li class="lineEntry t2" title="Right-Click for Options"#$#
~~span id="job_102270" contenteditable="false"#$#102270*^*span#$# Somerford Township (faces) $*^*li#$#
</job><job number="102255">~~li class="lineEntry t8" title="Right-Click for Options"#$#
~~span id="job_102255" contenteditable="false"#$#102255*^*span#$# CVS #3823*^*li#$#</job><job number="102411">~~li class="lineEntry t9" title="Right-Click for Options"#$#
~~span id="job_102411" contenteditable="false"#$#102411*^*span#$# Best Restaurant Equipment (PVC)*^*li#$#
</job><job number="102416">~~li class="lineEntry t10" title="Right-Click for Options"#$#
~~span id="job_102416" contenteditable="false"#$#~~i class="ic-ups"#$#*^*i#$#102416*^*span#$# Wendy's Site #05119 Store #92 (thank you sign only)*^*li#$#
</job><job number="102418">~~li class="lineEntry t10" title="Right-Click for Options"#$#
~~span id="job_102418" contenteditable="false"#$#~~i class="ic-ups"#$#*^*i#$#102418*^*span#$# Wendy's Site #05312 (graphic frames)*^*li#$#
</job><job number="admin-note">~~li class="lineEntry t1" title="Right Click for Options"#$#101963 Wendy's Kentwood, MI (package) overnight all weekend also ...  ~~span id="admin-note" contenteditable="false" style="visibility:hidden"#$#*^*span#$#
*^*li#$#</job><job number="101285-1">~~li class="lineEntry unassigned" title="Right-Click for Options" contenteditable="false"#$#
~~span id="job_101285-1"#$#101285-1*^*span#$# WEN #11814 MORGANTOWN, WV*^*li#$#</job></day>
          <day ordinal="28" name="Saturday" date="22"><job number="admin-note">~~li class="lineEntry t1" title="Right Click for Options"#$#BOB &amp; MICHAEL OVERNIGHT IN MICHIGAN HERE~~span id="admin-note" contenteditable="false" style="visibility:hidden"#$#*^*span#$#
*^*li#$#</job></day>
        </week>
        <week ordinal="5">
          <day ordinal="29" name="Sunday" date="23"><job number="admin-note">~~li class="lineEntry t1" title="Right Click for Options"#$#BOB &amp; MICHAEL OVERNIGHT IN MICHIGAN HERE~~span id="admin-note" contenteditable="false" style="visibility:hidden"#$#*^*span#$#
*^*li#$#</job></day>
          <day ordinal="30" name="Monday" date="24"><job number="101557">~~li class="lineEntry t1" title="Right-Click for Options"#$#
~~span id="job_101557" contenteditable="false"#$#101557*^*span#$# WEN #12010 Norton Shores, MI (package) (Permits in hand) overnight all week here.*^*li#$#</job><job number="102256">~~li class="lineEntry t10" title="Right-Click for Options"#$#
~~span id="job_102256" contenteditable="false"#$#~~i class="ic-ups"#$#*^*i#$#102256*^*span#$# AllStarSignShop/WO 99399-IndianTrail,NC*^*li#$#
</job><job number="102268">~~li class="lineEntry t10" title="Right-Click for Options"#$#
~~span id="job_102268" contenteditable="false"#$#~~i class="ic-ups"#$#*^*i#$#102268*^*span#$# Wasserstrom Company Columbus, OH (TH blockers)*^*li#$#</job><job number="101141-3">~~li class="lineEntry t8" title="Right-Click for Options"#$#
~~span id="job_101141-3" contenteditable="false"#$#101141-3*^*span#$# WEN #09535 S. Yarmouth, MA (faces)*^*li#$#
</job><job number="102347">~~li class="lineEntry t2" title="Right-Click for Options"#$#
~~span id="job_102347" contenteditable="false"#$#102347*^*span#$# WEN #01793 Kent, OH (Brimfield) (package) overnight *^*li#$#</job><job number="102405">~~li class="lineEntry t8" title="Right-Click for Options"#$#
~~span id="job_102405" contenteditable="false"#$#102405*^*span#$# WEN #00885  Aurora, CO (paint, preval sprayers, menu backs)*^*li#$#</job></day>
          <day ordinal="31" name="Tuesday" date="25"><job number="102199">~~li class="lineEntry t8" title="Right-Click for Options"#$#
~~span id="job_102199" contenteditable="false"#$#102199*^*span#$# CVS #0114 Waltham, MA*^*li#$#
</job><job number="102331">~~li class="lineEntry t3" title="Right-Click for Options"#$#
~~span id="job_102331" contenteditable="false"#$#~~i class="ic-i-comp-alt"#$#*^*i#$#102331*^*span#$# Kuhns Group Inc/Wendy's 00010 Dayton, OH (1- clearance pole &amp; 1-pivot canopy &amp; 1- 6' &amp; 1- 8' FLAT DECK CANOPY with HEAT TAPE ON ALL CANOPIES)*^*li#$#
</job><job number="102428">~~li class="lineEntry t10" title="Right-Click for Options"#$#
~~span id="job_102428" contenteditable="false"#$#~~i class="ic-ups"#$#*^*i#$#102428*^*span#$# Outdoor/Villas at Fantasy World (4-alum signs)*^*li#$#
</job><job number="admin-note">~~li class="lineEntry t2" title="Right Click for Options"#$#102347 WEN #01793 Kent, OH (package) overnight~~span id="admin-note" contenteditable="false" style="visibility:hidden"#$#*^*span#$#
*^*li#$#</job></day>
          <day ordinal="32" name="Wednesday" date="26"><job number="101903">~~li class="lineEntry t8" title="Right-Click for Options"#$#
~~span id="job_101903" contenteditable="false"#$#101903*^*span#$# CAPSA Healthcare Portland, OR*^*li#$#
</job><job number="102299">~~li class="lineEntry t9" title="Right-Click for Options"#$#
~~span id="job_102299" contenteditable="false"#$#102299*^*span#$# Park Street Tavern (neon repair)*^*li#$#
</job><job number="102420">~~li class="lineEntry t8" title="Right-Click for Options"#$#
~~span id="job_102420" contenteditable="false"#$#102420*^*span#$# Outdoor/Coastal Construction (1- non illum ground sign w/ u-channel posts)*^*li#$#
</job><job number="admin-note">~~li class="lineEntry t2" title="Right Click for Options"#$#102347 WEN #01793 Kent, OH (pacakge) overnight~~span id="admin-note" contenteditable="false" style="visibility:hidden"#$#*^*span#$#
*^*li#$#
</job><job number="102421">~~li class="lineEntry t8" title="Right-Click for Options"#$#SHIP TO CLOVER SIGNS ~~span id="job_102421" contenteditable="false"#$#102421*^*span#$# WEN #02841  Danville, IL (package)*^*li#$#</job></day>
          <day ordinal="33" name="Thursday" date="27"><job number="102313">~~li class="lineEntry t10" title="Right-Click for Options"#$#
~~span id="job_102313" contenteditable="false"#$#~~i class="ic-ups"#$#*^*i#$#102313*^*span#$# Tim Horton's 4518 Calgary, AB (menu parts)*^*li#$#</job><job number="102321">~~li class="lineEntry t8" title="Right-Click for Options"#$#
~~span id="job_102321" contenteditable="false"#$#102321*^*span#$# Tim Horton's Site #914842 Ann Arbor, MI (replacement channel face)*^*li#$#</job><job number="102327">~~li class="lineEntry t8" title="Right-Click for Options"#$#
~~span id="job_102327" contenteditable="false"#$#102327*^*span#$# WEN #04357  St. George, UT (package)*^*li#$#
</job><job number="admin-note">~~li class="lineEntry t2" title="Right Click for Options"#$#102347 WEN #01793 Kent, OH (package) overnight~~span id="admin-note" contenteditable="false" style="visibility:hidden"#$#*^*span#$#
*^*li#$#</job></day>
          <day ordinal="34" name="Friday" date="28"><job number="102271">~~li class="lineEntry t3" title="Right-Click for Options"#$#
~~span id="job_102271" contenteditable="false"#$#~~i class="ic-i-comp-alt"#$#*^*i#$#102271*^*span#$# The Courtyards at Hidden Ravines North (1-ACM w/ posts) *^*li#$#
</job><job number="102187">~~li class="lineEntry t3" title="Right-Click for Options"#$#
~~span id="job_102187" contenteditable="false"#$#~~i class="ic-i-comp-alt"#$#*^*i#$#102187*^*span#$# Gahanna Grove Condominiums (2-HDU)*^*li#$#
</job><job number="102242">~~li class="lineEntry t3" title="Right-Click for Options"#$#
~~span id="job_102242" contenteditable="false"#$#~~i class="ic-i-comp-alt"#$#*^*i#$#102242*^*span#$# WEN #02774  Chillicothe, OH (face &amp; cameo only)*^*li#$#
</job><job number="101902">~~li class="lineEntry t3" title="Right-Click for Options"#$#
~~span id="job_101902" contenteditable="false"#$#~~i class="ic-i-comp-alt"#$#*^*i#$#101902*^*span#$# CAPSA Healthcare Canal Winchester (permits ? =sent 6-23-17) (INSTALL EXTERIOR WALL LETTERS ASAP...) $*^*li#$#
</job><job number="101065-1">~~li class="lineEntry t3" title="Right-Click for Options"#$#
~~span id="job_101065-1" contenteditable="false"#$#~~i class="ic-i-comp-alt"#$#*^*i#$#101065-1*^*span#$# WEN 02910 Urbana, OH (bottom ACM panel)*^*li#$#
</job><job number="101652">~~li class="lineEntry t3" title="Right-Click for Options"#$#
~~span id="job_101652" contenteditable="false"#$#~~i class="ic-i-comp-alt"#$#*^*i#$#101652*^*span#$# The Courtyards at Hidden Ravines North (10-NO PARKING SIGNS w/ posts) OUPS*^*li#$#
</job><job number="93777">~~li class="lineEntry t6" title="Right-Click for Options"#$#
~~span id="job_93777" contenteditable="false"#$#93777*^*span#$# Kiddie Academy of Boca Raton / shipped to sub here*^*li#$#</job><job number="101374">~~li class="lineEntry t3" title="Right-Click for Options"#$#
~~span id="job_101374" contenteditable="false"#$#~~i class="ic-i-comp-alt"#$#*^*i#$#101374*^*span#$# The Courtyards at Bradford Court (OUPS)*^*li#$#
</job><job number="102322">~~li class="lineEntry t8" title="Right-Click for Options"#$#SHIP R &amp; L (3rd Party) --- ~~span id="job_102322" contenteditable="false"#$#102322*^*span#$# Wass&amp;Sons/DCS/ Peoria,AZ*^*li#$#</job><job number="100843">~~li class="lineEntry t8" title="Right-Click for Options"#$#
~~span id="job_100843" contenteditable="false"#$#100843*^*span#$# WEN #00120 TARPON SPRINGS, FL (menus only) *^*li#$#</job><job number="102398">~~li class="lineEntry t3" title="Right-Click for Options"#$#
~~span id="job_102398" contenteditable="false"#$#~~i class="ic-i-comp-alt"#$#*^*i#$#102398*^*span#$# Crager Real Estate London (berkshire window vinyl)*^*li#$#</job><job number="102399">~~li class="lineEntry t10" title="Right-Click for Options"#$#
~~span id="job_102399" contenteditable="false"#$#102399*^*span#$# Tim Horton's #5672 Lancaster, OH (menu parts)*^*li#$#
</job><job number="102403">~~li class="lineEntry t8" title="Right-Click for Options"#$#
~~span id="job_102403" contenteditable="false"#$#102403*^*span#$# Kiddie Academy of Franklin, TN (package)*^*li#$#
</job><job number="admin-note">~~li class="lineEntry t2" title="Right Click for Options"#$#102347 WEN #01793 Kent, OH (package) ~~span id="admin-note" contenteditable="false" style="visibility:hidden"#$#*^*span#$#
*^*li#$#
</job><job number="102444">~~li class="lineEntry t8" title="Right-Click for Options"#$#SHIP TO MINEOLA SIGNS FOR INSTALLATION ~~span id="job_102444" contenteditable="false"#$#102444*^*span#$# WEN #07992 Staten Island, NY (package)*^*li#$#
</job><job number="101680-1">~~li class="lineEntry unassigned" title="Right-Click for Options" contenteditable="false"#$#  ~~i class="ic-flag"#$# *^*i#$#	 ~~span id="job_101680-1"#$#101680-1*^*span#$# Boyer/East Cleveland*^*li#$#</job></day>
          <day ordinal="35" name="Saturday" date="29"></day>
        </week>
        <week ordinal="6">
          <day ordinal="36" name="Sunday" date="30"></day>
          <day ordinal="37" name="Monday" date="31"><job number="100986-3">~~li class="lineEntry t3" title="Right-Click for Options"#$#
~~span id="job_100986-3" contenteditable="false"#$#~~i class="ic-i-comp-alt"#$#*^*i#$#100986-3*^*span#$# Wen #07622 Brunswick (2 NEW STYLE silver towers)
*^*li#$#
</job><job number="102114">~~li class="lineEntry t3" title="Right-Click for Options"#$#
~~span id="job_102114" contenteditable="false"#$#~~i class="ic-i-comp-alt"#$#*^*i#$#102114*^*span#$# Boyer/Persona/Econolodge (install product from others once it arrives here)*^*li#$#
</job><job number="99315S">~~li class="lineEntry t3" title="Right-Click for Options"#$#
~~span id="job_99315S" contenteditable="false"#$#~~i class="ic-i-comp-alt"#$#*^*i#$#99315S*^*span#$# WEN #07680  Uhrichsville, OH (service canopy lights out)*^*li#$#
</job><job number="101165">~~li class="lineEntry t3" title="Right-Click for Options"#$#
~~span id="job_101165" contenteditable="false"#$#~~i class="ic-i-comp-alt"#$#*^*i#$#101165*^*span#$# Boyer/Colliers Hilltop Plaza Richmond (2-ground signs) (permits?)*^*li#$#
</job><job number="102184">~~li class="lineEntry t3" title="Right-Click for Options"#$#
~~span id="job_102184" contenteditable="false"#$#~~i class="ic-i-comp-alt"#$#*^*i#$#102184*^*span#$# Boyer / SPRINT (remove &amp; install signage by others)*^*li#$#
</job><job number="101067-1">~~li class="lineEntry t1" title="Right-Click for Options"#$#
~~span id="job_101067-1" contenteditable="false"#$#101067-1*^*span#$# WEN #09596 Canonsburg, PA (2 hi-rise faces) overnight*^*li#$#
</job><job number="102213">~~li class="lineEntry t8" title="Right-Click for Options"#$#
~~span id="job_102213" contenteditable="false"#$#102213*^*span#$# Covenant Development Wyoming, MI*^*li#$#</job><job number="102264">~~li class="lineEntry t9" title="Right-Click for Options"#$#
~~span id="job_102264" contenteditable="false"#$#102264*^*span#$# Hansen, Chad (neon repair)*^*li#$#</job><job number="102340">~~li class="lineEntry t8" title="Right-Click for Options"#$#
~~span id="job_102340" contenteditable="false"#$#102340*^*span#$# Kiddie Academy of Elkton (PVC)*^*li#$#</job></day>
          <day ordinal="38" name="Tuesday" date=""></day>
          <day ordinal="39" name="Wednesday" date=""></day>
          <day ordinal="40" name="Thursday" date=""></day>
          <day ordinal="41" name="Friday" date=""></day>
          <day ordinal="42" name="Saturday" date=""></day>
        </week>
      </month>
      <month ordinal="8" name="August">
        <week ordinal="1">
          <day ordinal="1" name="Sunday" date=""></day>
          <day ordinal="2" name="Monday" date=""></day>
          <day ordinal="3" name="Tuesday" date="1"><job number="99666">~~li class="lineEntry unassigned" title="Right-Click for Options"#$#
~~span id="job_99666" contenteditable="false"#$#~~i class="ic-flag"#$#*^*i#$#99666*^*span#$# Palazzo Nail &amp; Spa Lancaster,OH Wo#99666*^*li#$#</job><job number="102348">~~li class="lineEntry t8" title="Right-Click for Options"#$#SHIP TO OLYMPIC SIGNS ~~span id="job_102348" contenteditable="false"#$#102348*^*span#$# Wendy's International, LLC/Wendy's 11846 Chicago, IL (pacakge)*^*li#$#
</job><job number="102352">~~li class="lineEntry t8" title="Right-Click for Options"#$#
~~span id="job_102352" contenteditable="false"#$#102352*^*span#$# WEN #06867  Lloydminster, AB (menus only)*^*li#$#
</job><job number="102359">~~li class="lineEntry t8" title="Right-Click for Options"#$#
~~span id="job_102359" contenteditable="false"#$#102359*^*span#$# WEN #06011 Windsor, ON (menus only)*^*li#$#
</job><job number="admin-note">~~li class="lineEntry t1" title="Right Click for Options"#$#101067-1 WEN #09596 Canonsburg, PA (2 hi-rise faces) overnight~~span id="admin-note" contenteditable="false" style="visibility:hidden"#$#*^*span#$#
*^*li#$#</job><job number="102496">~~li class="lineEntry unassigned" title="Right-Click for Options" contenteditable="false"#$#
~~span id="job_102496"#$#102496*^*span#$# WEN U of L Louisville, KY*^*li#$#</job></day>
          <day ordinal="4" name="Wednesday" date="2"><job number="admin-note">~~li class="lineEntry t1" title="Right Click for Options"#$#101067-1 WEN #09596 Canonsburg, PA (2- hi-rise faces) overnight???~~span id="admin-note" contenteditable="false" style="visibility:hidden"#$#*^*span#$#
*^*li#$#</job><job number="100090-4">~~li class="lineEntry unassigned" title="Right-Click for Options" contenteditable="false"#$#
~~span id="job_100090-4"#$#~~i class="ic-flag"#$#*^*i#$#100090-4*^*span#$# Wendy's 05541 - Evanston, WY*^*li#$#</job></day>
          <day ordinal="5" name="Thursday" date="3"><job number="101980">~~li class="lineEntry t3" title="Right-Click for Options"#$#
~~span id="job_101980" contenteditable="false"#$#~~i class="ic-i-comp-alt"#$#*^*i#$#101980*^*span#$# Kiddie Academy of Hilliard, OH (package) permits?*^*li#$#</job><job number="102381">~~li class="lineEntry t8" title="Right-Click for Options"#$#
~~span id="job_102381" contenteditable="false"#$#102381*^*span#$# WEN #01961  Columbus, OH OSU (menus only)*^*li#$#</job></day>
          <day ordinal="6" name="Friday" date="4"><job number="100209">~~li class="lineEntry t2" title="Right-Click for Options"#$#
~~span id="job_100209" contenteditable="false"#$#100209*^*span#$# Courtyards at Maxtown (HDU SIGN)*^*li#$#</job><job number="102401">~~li class="lineEntry t8" title="Right-Click for Options"#$#
~~span id="job_102401" contenteditable="false"#$#102401*^*span#$# Wendy's of Muncie/WEN 03958 Muncie, IN (pacakge)*^*li#$#
</job><job number="102424">~~li class="lineEntry t8" title="Right-Click for Options"#$#
~~span id="job_102424" contenteditable="false"#$#102424*^*span#$# WEN #11095 Charlotte, NC (1-RM1700 w/ back)*^*li#$#
</job><job number="102453">~~li class="lineEntry t8" title="Right-Click for Options"#$#
~~span id="job_102453" contenteditable="false"#$#102453*^*span#$# WEN #10530 Jacksonville Bch, FL (1-NON- STD. DIR ONLY)*^*li#$#</job><job number="102460">~~li class="lineEntry t3" title="Right-Click for Options"#$#
~~span id="job_102460" contenteditable="false"#$#~~i class="ic-i-comp-alt"#$#*^*i#$#102460*^*span#$# Classic Solutions Inc. Columbus, OH*^*li#$#</job><job number="102475">~~li class="lineEntry unassigned" title="Right-Click for Options" contenteditable="false"#$#
~~span id="job_102475"#$#102475*^*span#$# WEN #08659  Cedar Springs, MI*^*li#$#
</job><job number="102482">~~li class="lineEntry unassigned" title="Right-Click for Options" contenteditable="false"#$#
~~span id="job_102482"#$#102482*^*span#$# WEN #09127  Montgomery, AL*^*li#$#</job></day>
          <day ordinal="7" name="Saturday" date="5"></day>
        </week>
        <week ordinal="2">
          <day ordinal="8" name="Sunday" date="6"></day>
          <day ordinal="9" name="Monday" date="7"><job number="99642">~~li class="lineEntry t3" title="Right-Click for Options"#$#
~~span id="job_99642" contenteditable="false"#$#~~i class="ic-i-comp-alt"#$#*^*i#$#99642*^*span#$# Extend a Suites - Columbus, OH (finish wall washers)*^*li#$#
</job><job number="102317">~~li class="lineEntry t8" title="Right-Click for Options"#$#SHIP TO CENTURY SIGNS, INC. ~~span id="job_102317" contenteditable="false"#$#102317*^*span#$# WEN #05767 Quincy, IL (2-pan faces)*^*li#$#</job><job number="102481">~~li class="lineEntry unassigned" title="Right-Click for Options" contenteditable="false"#$#
~~span id="job_102481"#$#102481*^*span#$# Manna Inc./WEN 00935 Racine, WI*^*li#$#
</job><job number="102481-1">~~li class="lineEntry unassigned" title="Right-Click for Options" contenteditable="false"#$#
~~span id="job_102481-1"#$#102481-1*^*span#$# Manna Inc./ WEN 00935 Racine, WI*^*li#$#
</job><job number="102492">~~li class="lineEntry unassigned" title="Right-Click for Options" contenteditable="false"#$#
~~span id="job_102492"#$#102492*^*span#$# Cornerstones at Oxmoor Valley*^*li#$#</job></day>
          <day ordinal="10" name="Tuesday" date="8"><job number="101067-2">~~li class="lineEntry unassigned" title="Right-Click for Options" contenteditable="false"#$#
~~span id="job_101067-2"#$#~~i class="ic-flag"#$#*^*i#$#101067-2*^*span#$# WEN #09596 Canonsburg, PA*^*li#$#
</job><job number="101915">~~li class="lineEntry unassigned" title="Right-Click for Options" contenteditable="false"#$#
~~span id="job_101915"#$#~~i class="ic-flag"#$#*^*i#$#101915*^*span#$# CAPSA Healthcare*^*li#$#</job></day>
          <day ordinal="11" name="Wednesday" date="9"></day>
          <day ordinal="12" name="Thursday" date="10"><job number="102434">~~li class="lineEntry t3" title="Right-Click for Options"#$#
~~span id="job_102434" contenteditable="false"#$#~~i class="ic-i-comp-alt"#$#*^*i#$#102434*^*span#$# WEN #01909 Delaware, OH (pacakge)*^*li#$#</job><job number="102438">~~li class="lineEntry t8" title="Right-Click for Options"#$#
~~span id="job_102438" contenteditable="false"#$#102438*^*span#$# WEN #11527 Jacksonville, FL (1-Clearance pole)*^*li#$#</job></day>
          <day ordinal="13" name="Friday" date="11"><job number="102456">~~li class="lineEntry t8" title="Right-Click for Options"#$#
~~span id="job_102456" contenteditable="false"#$#102456*^*span#$# WEN #08527  Staten Island, NY (pacakge)*^*li#$#</job><job number="102494">~~li class="lineEntry unassigned" title="Right-Click for Options" contenteditable="false"#$#
~~span id="job_102494"#$#~~i class="ic-flag"#$#*^*i#$#102494*^*span#$# WEN #05100 Fayetteville, NC*^*li#$#
</job><job number="102497">~~li class="lineEntry unassigned" title="Right-Click for Options" contenteditable="false"#$#
~~span id="job_102497"#$#~~i class="ic-flag"#$#*^*i#$#102497*^*span#$# WEN #06423  St. Catharines, ON*^*li#$#
</job><job number="102509">~~li class="lineEntry unassigned" title="Right-Click for Options" contenteditable="false"#$#  ~~i class="ic-flag"#$# *^*i#$#	 ~~span id="job_102509"#$#102509*^*span#$# Boyer/Century 21*^*li#$#</job></day>
          <day ordinal="14" name="Saturday" date="12"></day>
        </week>
        <week ordinal="3">
          <day ordinal="15" name="Sunday" date="13"><job number="102366">~~li class="lineEntry t10" title="Right-Click for Options"#$#
~~span id="job_102366" contenteditable="false"#$#102366*^*span#$# SEE BELOW*^*li#$#</job></day>
          <day ordinal="16" name="Monday" date="14"><job number="102383">~~li class="lineEntry unassigned" title="Right-Click for Options" contenteditable="false"#$#
~~span id="job_102383"#$#~~i class="ic-flag"#$#*^*i#$#102383*^*span#$# WEN #03554 Marion, IN*^*li#$#</job><job number="102419">~~li class="lineEntry unassigned" title="Right-Click for Options" contenteditable="false"#$#
~~span id="job_102419"#$#~~i class="ic-flag"#$#*^*i#$#102419*^*span#$# Red Roof Plus*^*li#$#
</job><job number="102356">~~li class="lineEntry unassigned" title="Right-Click for Options" contenteditable="false"#$#  ~~i class="ic-flag"#$# *^*i#$#	 ~~span id="job_102356"#$#102356*^*span#$# CVS #2414 Johnson City, NY*^*li#$#</job><job number="102507">~~li class="lineEntry unassigned" title="Right-Click for Options" contenteditable="false"#$#  ~~i class="ic-flag"#$# *^*i#$#	 ~~span id="job_102507"#$#102507*^*span#$# Outdoor/Umansky Law*^*li#$#</job></day>
          <day ordinal="17" name="Tuesday" date="15"><job number="102044">~~li class="lineEntry unassigned" title="Right-Click for Options" contenteditable="false"#$#
~~span id="job_102044"#$#~~i class="ic-flag"#$#*^*i#$#102044*^*span#$# WEN #06512 Tsawwassen, BC*^*li#$#</job><job number="102483">~~li class="lineEntry unassigned" title="Right-Click for Options" contenteditable="false"#$#
~~span id="job_102483"#$#102483*^*span#$# WEN #01264  Montgomery, AL*^*li#$#
</job><job number="102484">~~li class="lineEntry unassigned" title="Right-Click for Options" contenteditable="false"#$#
~~span id="job_102484"#$#102484*^*span#$# WEN #09583 / Lumberton, NC*^*li#$#
</job><job number="102487">~~li class="lineEntry unassigned" title="Right-Click for Options" contenteditable="false"#$#  ~~i class="ic-flag"#$# *^*i#$#	 ~~span id="job_102487"#$#102487*^*span#$# WEN #09049 Glendale, AZ*^*li#$#</job></day>
          <day ordinal="18" name="Wednesday" date="16"><job number="101511">~~li class="lineEntry unassigned" title="Right-Click for Options" contenteditable="false"#$#  ~~i class="ic-flag"#$# *^*i#$#	 ~~span id="job_101511"#$#101511*^*span#$# CVS Store #02116*^*li#$#</job></day>
          <day ordinal="19" name="Thursday" date="17"><job number="102443">~~li class="lineEntry unassigned" title="Right-Click for Options" contenteditable="false"#$#
~~span id="job_102443"#$#~~i class="ic-flag"#$#*^*i#$#102443*^*span#$# Wendy's Site #02515*^*li#$#</job></day>
          <day ordinal="20" name="Friday" date="18"><job number="101154-S">~~li class="lineEntry unassigned" title="Right-Click for Options" contenteditable="false"#$#
~~span id="job_101154-S"#$#~~i class="ic-flag"#$#*^*i#$#101154-S*^*span#$# Tim Hortons #916627 - Shelby Twp, MI*^*li#$#</job></day>
          <day ordinal="21" name="Saturday" date="19"><job number="102451">~~li class="lineEntry unassigned" title="Right-Click for Options" contenteditable="false"#$#
~~span id="job_102451"#$#~~i class="ic-flag"#$#*^*i#$#102451*^*span#$# TH#-w/o 99608-Brainerd MN*^*li#$#</job></day>
        </week>
        <week ordinal="4">
          <day ordinal="22" name="Sunday" date="20"></day>
          <day ordinal="23" name="Monday" date="21"></day>
          <day ordinal="24" name="Tuesday" date="22"><job number="98143-1">~~li class="lineEntry unassigned" title="Right-Click for Options" contenteditable="false"#$#
~~span id="job_98143-1"#$#~~i class="ic-flag"#$#*^*i#$#98143-1*^*span#$# WEN #06881  Sylvan Lake, AB*^*li#$#</job></day>
          <day ordinal="25" name="Wednesday" date="23"><job number="100607">~~li class="lineEntry unassigned" title="Right-Click for Options"#$#
~~span id="job_100607"#$#~~i class="ic-flag"#$#*^*i#$#100607*^*span#$# Wendy's 02510*^*li#$#</job><job number="101948">~~li class="lineEntry unassigned" title="Right-Click for Options"#$#
~~span id="job_101948"#$#~~i class="ic-flag"#$#*^*i#$#101948*^*span#$# Wendy's Site #11961*^*li#$#</job></day>
          <day ordinal="26" name="Thursday" date="24"></day>
          <day ordinal="27" name="Friday" date="25"></day>
          <day ordinal="28" name="Saturday" date="26"></day>
        </week>
        <week ordinal="5">
          <day ordinal="29" name="Sunday" date="27"><job number="101453S">~~li class="lineEntry unassigned" title="Right-Click for Options" contenteditable="false"#$#
~~span id="job_101453S"#$#~~i class="ic-flag"#$#*^*i#$#101453S*^*span#$# WEN #00004  Columbus, OH*^*li#$#</job></day>
          <day ordinal="30" name="Monday" date="28"></day>
          <day ordinal="31" name="Tuesday" date="29"><job number="102392">~~li class="lineEntry unassigned" title="Right-Click for Options" contenteditable="false"#$#
~~span id="job_102392"#$#~~i class="ic-flag"#$#*^*i#$#102392*^*span#$# Tim Hortons Lethbridge*^*li#$#</job></day>
          <day ordinal="32" name="Wednesday" date="30"></day>
          <day ordinal="33" name="Thursday" date="31"><job number="102044">~~li class="lineEntry unassigned" title="Right-Click for Options"#$#
~~span id="job_102044"#$#~~i class="ic-flag"#$#*^*i#$#102044*^*span#$# WEN #06512 Tsawwassen, BC

*^*li#$#</job></day>
          <day ordinal="34" name="Friday" date=""></day>
          <day ordinal="35" name="Saturday" date=""></day>
        </week>
      </month>
      <month ordinal="9" name="September">
        <week ordinal="1">
          <day ordinal="1" name="Sunday" date=""></day>
          <day ordinal="2" name="Monday" date=""></day>
          <day ordinal="3" name="Tuesday" date=""></day>
          <day ordinal="4" name="Wednesday" date=""></day>
          <day ordinal="5" name="Thursday" date=""></day>
          <day ordinal="6" name="Friday" date="1"><job number="102178">~~li class="lineEntry unassigned" title="Right-Click for Options" contenteditable="false"#$#
~~span id="job_102178"#$#~~i class="ic-flag"#$#*^*i#$#102178*^*span#$# WEN #06604  Kirkland, QC*^*li#$#</job></day>
          <day ordinal="7" name="Saturday" date="2"></day>
        </week>
        <week ordinal="2">
          <day ordinal="8" name="Sunday" date="3"></day>
          <day ordinal="9" name="Monday" date="4"></day>
          <day ordinal="10" name="Tuesday" date="5"></day>
          <day ordinal="11" name="Wednesday" date="6"></day>
          <day ordinal="12" name="Thursday" date="7"></day>
          <day ordinal="13" name="Friday" date="8"><job number="100798">~~li class="lineEntry unassigned" title="Right-Click for Options" contenteditable="false"#$#
~~span id="job_100798"#$#~~i class="ic-flag"#$#*^*i#$#100798*^*span#$# WEN #11898 Miami, FL*^*li#$#</job><job number="100798-1">~~li class="lineEntry unassigned" title="Right-Click for Options" contenteditable="false"#$#
~~span id="job_100798-1"#$#~~i class="ic-flag"#$#*^*i#$#100798-1*^*span#$# WEN #11898 Miami, FL*^*li#$#</job><job number="102470">~~li class="lineEntry unassigned" title="Right-Click for Options" contenteditable="false"#$#
~~span id="job_102470"#$#102470*^*span#$# Columbus Realty Source*^*li#$#</job></day>
          <day ordinal="14" name="Saturday" date="9"></day>
        </week>
        <week ordinal="3">
          <day ordinal="15" name="Sunday" date="10"></day>
          <day ordinal="16" name="Monday" date="11"></day>
          <day ordinal="17" name="Tuesday" date="12"></day>
          <day ordinal="18" name="Wednesday" date="13"></day>
          <day ordinal="19" name="Thursday" date="14"><job number="96069">~~li class="lineEntry unassigned" title="Right-Click for Options" contenteditable="false"#$#
~~span id="job_96069"#$#~~i class="ic-flag"#$#*^*i#$#96069*^*span#$# Wendy's Site #11718 - Smyrna, GA*^*li#$#</job></day>
          <day ordinal="20" name="Friday" date="15"></day>
          <day ordinal="21" name="Saturday" date="16"></day>
        </week>
        <week ordinal="4">
          <day ordinal="22" name="Sunday" date="17"></day>
          <day ordinal="23" name="Monday" date="18"></day>
          <day ordinal="24" name="Tuesday" date="19"></day>
          <day ordinal="25" name="Wednesday" date="20"><job number="100870">~~li class="lineEntry unassigned" title="Right-Click for Options"#$#
~~span id="job_100870"#$#~~i class="ic-flag"#$#*^*i#$#100870*^*span#$# WEN#11682 / Randolph Twp, NJ




*^*li#$#</job></day>
          <day ordinal="26" name="Thursday" date="21"></day>
          <day ordinal="27" name="Friday" date="22"><job number="99857">~~li class="lineEntry unassigned" title="Right-Click for Options" contenteditable="false"#$#
~~span id="job_99857"#$#~~i class="ic-flag"#$#*^*i#$#99857*^*span#$# Wendy's Site #05799*^*li#$#</job></day>
          <day ordinal="28" name="Saturday" date="23"></day>
        </week>
        <week ordinal="5">
          <day ordinal="29" name="Sunday" date="24"></day>
          <day ordinal="30" name="Monday" date="25"></day>
          <day ordinal="31" name="Tuesday" date="26"></day>
          <day ordinal="32" name="Wednesday" date="27"></day>
          <day ordinal="33" name="Thursday" date="28"></day>
          <day ordinal="34" name="Friday" date="29"><job number="102422">~~li class="lineEntry unassigned" title="Right-Click for Options" contenteditable="false"#$#
~~span id="job_102422"#$#~~i class="ic-flag"#$#*^*i#$#102422*^*span#$# WEN #11635  Deerfield Bch, FL*^*li#$#</job></day>
          <day ordinal="35" name="Saturday" date="30"></day>
        </week>
        <week ordinal="6">
          <day ordinal="36" name="Sunday" date=""></day>
          <day ordinal="37" name="Monday" date=""></day>
          <day ordinal="38" name="Tuesday" date=""></day>
          <day ordinal="39" name="Wednesday" date=""></day>
          <day ordinal="40" name="Thursday" date=""></day>
          <day ordinal="41" name="Friday" date=""></day>
          <day ordinal="42" name="Saturday" date=""></day>
        </week>
      </month>
      <month ordinal="10" name="October">
        <week ordinal="1">
          <day ordinal="1" name="Sunday" date="1"></day>
          <day ordinal="2" name="Monday" date="2"><job number="101636">~~li class="lineEntry unassigned" title="Right-Click for Options" contenteditable="false"#$#  ~~i class="ic-flag"#$# *^*i#$#	 ~~span id="job_101636"#$#101636*^*span#$# Wendy's Site #04915 - Wall Twp, NJ*^*li#$#</job></day>
          <day ordinal="3" name="Tuesday" date="3"></day>
          <day ordinal="4" name="Wednesday" date="4"></day>
          <day ordinal="5" name="Thursday" date="5"></day>
          <day ordinal="6" name="Friday" date="6"></day>
          <day ordinal="7" name="Saturday" date="7"></day>
        </week>
        <week ordinal="2">
          <day ordinal="8" name="Sunday" date="8"></day>
          <day ordinal="9" name="Monday" date="9"><job number="101881-1">~~li class="lineEntry unassigned" title="Right-Click for Options" contenteditable="false"#$#  ~~i class="ic-flag"#$# *^*i#$#	 ~~span id="job_101881-1"#$#101881-1*^*span#$# WEN #01778  Orange Park, FL*^*li#$#</job><job number="101881-2">~~li class="lineEntry unassigned" title="Right-Click for Options" contenteditable="false"#$#  ~~i class="ic-flag"#$# *^*i#$#	 ~~span id="job_101881-2"#$#101881-2*^*span#$# WEN #01778  Orange Park, FL*^*li#$#</job></day>
          <day ordinal="10" name="Tuesday" date="10"></day>
          <day ordinal="11" name="Wednesday" date="11"></day>
          <day ordinal="12" name="Thursday" date="12"></day>
          <day ordinal="13" name="Friday" date="13"></day>
          <day ordinal="14" name="Saturday" date="14"></day>
        </week>
        <week ordinal="3">
          <day ordinal="15" name="Sunday" date="15"></day>
          <day ordinal="16" name="Monday" date="16"></day>
          <day ordinal="17" name="Tuesday" date="17"></day>
          <day ordinal="18" name="Wednesday" date="18"></day>
          <day ordinal="19" name="Thursday" date="19"></day>
          <day ordinal="20" name="Friday" date="20"></day>
          <day ordinal="21" name="Saturday" date="21"></day>
        </week>
        <week ordinal="4">
          <day ordinal="22" name="Sunday" date="22"></day>
          <day ordinal="23" name="Monday" date="23"></day>
          <day ordinal="24" name="Tuesday" date="24"></day>
          <day ordinal="25" name="Wednesday" date="25"></day>
          <day ordinal="26" name="Thursday" date="26"></day>
          <day ordinal="27" name="Friday" date="27"><job number="102204">~~li class="lineEntry unassigned" title="Right-Click for Options" contenteditable="false"#$#  ~~i class="ic-flag"#$# *^*i#$#	 ~~span id="job_102204"#$#102204*^*span#$# Wendy's 04746 - Bronx, NY*^*li#$#</job></day>
          <day ordinal="28" name="Saturday" date="28"></day>
        </week>
        <week ordinal="5">
          <day ordinal="29" name="Sunday" date="29"></day>
          <day ordinal="30" name="Monday" date="30"></day>
          <day ordinal="31" name="Tuesday" date="31"></day>
          <day ordinal="32" name="Wednesday" date=""></day>
          <day ordinal="33" name="Thursday" date=""></day>
          <day ordinal="34" name="Friday" date=""></day>
          <day ordinal="0" name="Saturday" date=""></day>
        </week>
      </month>
      <month ordinal="11" name="November">
        <week ordinal="1">
          <day ordinal="1" name="Sunday" date=""></day>
          <day ordinal="2" name="Monday" date=""></day>
          <day ordinal="3" name="Tuesday" date=""></day>
          <day ordinal="4" name="Wednesday" date="1"></day>
          <day ordinal="5" name="Thursday" date="2"></day>
          <day ordinal="6" name="Friday" date="3"></day>
          <day ordinal="7" name="Saturday" date="4"></day>
        </week>
        <week ordinal="2">
          <day ordinal="8" name="Sunday" date="5"></day>
          <day ordinal="9" name="Monday" date="6"></day>
          <day ordinal="10" name="Tuesday" date="7"></day>
          <day ordinal="11" name="Wednesday" date="8"></day>
          <day ordinal="12" name="Thursday" date="9"></day>
          <day ordinal="13" name="Friday" date="10"></day>
          <day ordinal="14" name="Saturday" date="11"></day>
        </week>
        <week ordinal="3">
          <day ordinal="15" name="Sunday" date="12"></day>
          <day ordinal="16" name="Monday" date="13"></day>
          <day ordinal="17" name="Tuesday" date="14"></day>
          <day ordinal="18" name="Wednesday" date="15"></day>
          <day ordinal="19" name="Thursday" date="16"></day>
          <day ordinal="20" name="Friday" date="17"></day>
          <day ordinal="21" name="Saturday" date="18"></day>
        </week>
        <week ordinal="4">
          <day ordinal="22" name="Sunday" date="19"></day>
          <day ordinal="23" name="Monday" date="20"></day>
          <day ordinal="24" name="Tuesday" date="21"></day>
          <day ordinal="25" name="Wednesday" date="22"></day>
          <day ordinal="26" name="Thursday" date="23"></day>
          <day ordinal="27" name="Friday" date="24"></day>
          <day ordinal="28" name="Saturday" date="25"></day>
        </week>
        <week ordinal="5">
          <day ordinal="29" name="Sunday" date="26"></day>
          <day ordinal="30" name="Monday" date="27"></day>
          <day ordinal="31" name="Tuesday" date="28"></day>
          <day ordinal="32" name="Wednesday" date="29"></day>
          <day ordinal="33" name="Thursday" date="30"></day>
          <day ordinal="34" name="Friday" date=""></day>
          <day ordinal="35" name="Saturday" date=""></day>
        </week>
      </month>
      <month ordinal="12" name="December">
        <week ordinal="1">
          <day ordinal="1" name="Sunday" date=""></day>
          <day ordinal="2" name="Monday" date=""></day>
          <day ordinal="3" name="Tuesday" date=""></day>
          <day ordinal="4" name="Wednesday" date=""></day>
          <day ordinal="5" name="Thursday" date=""></day>
          <day ordinal="6" name="Friday" date=""></day>
          <day ordinal="7" name="Saturday" date="1"></day>
        </week>
        <week ordinal="2">
          <day ordinal="8" name="Sunday" date="2"></day>
          <day ordinal="9" name="Monday" date="3"></day>
          <day ordinal="10" name="Tuesday" date="4"></day>
          <day ordinal="11" name="Wednesday" date="5"></day>
          <day ordinal="12" name="Thursday" date="6"></day>
          <day ordinal="13" name="Friday" date="7"></day>
          <day ordinal="14" name="Saturday" date="8"></day>
        </week>
        <week ordinal="3"><day ordinal="15" name="Sunday" date="9"></day><day ordinal="16" name="Monday" date="10"></day><day ordinal="17" name="Tuesday" date="11"></day><day ordinal="18" name="Wednesday" date="12"></day><day ordinal="19" name="Thursday" date="13"></day><day ordinal="20" name="Friday" date="14"></day>"
				<day ordinal="21" name="Saturday" date="15"></day></week>
        <week ordinal="4">
          <day ordinal="22" name="Sunday" date="16"></day>
          <day ordinal="23" name="Monday" date="17"></day>
          <day ordinal="24" name="Tuesday" date="28"></day>
          <day ordinal="25" name="Wednesday" date="19"></day>
          <day ordinal="26" name="Thursday" date="20"></day>
          <day ordinal="27" name="Friday" date="21"></day>
          <day ordinal="28" name="Saturday" date="22"></day>
        </week>
        <week ordinal="5">
          <day ordinal="29" name="Sunday" date="23"></day>
          <day ordinal="30" name="Monday" date="24"></day>
          <day ordinal="31" name="Tuesday" date="25"></day>
          <day ordinal="32" name="Wednesday" date="26"></day>
          <day ordinal="33" name="Thursday" date="27"></day>
          <day ordinal="34" name="Friday" date="28"></day>
          <day ordinal="35" name="Saturday" date="29"></day>
        </week>
        <week ordinal="6">
          <day ordinal="36" name="Sunday" date="30"></day>
          <day ordinal="37" name="Monday" date="31"></day>
          <day ordinal="38" name="Tuesday" date=""></day>
          <day ordinal="39" name="Wednesday" date=""></day>
          <day ordinal="40" name="Thursday" date=""></day>
          <day ordinal="41" name="Friday" date=""></day>
          <day ordinal="42" name="Saturday" date=""></day>
        </week>
      </month>
    </year>
  </calendar>
</calendars>
